"","Country","NUTS_ID","Region name","Basic Human Needs","Foundations of Well-Being","Opportunity","Aggregated Index"
"1","AT","AT11","Burgenland",89.1122829342367,64.1703351365835,62.5029772773374,71.4388484103165
"2","AT","AT12","Niederösterreich",87.9418765662637,64.3711606867326,65.4848196029855,72.2112800471738
"3","AT","AT13","Wien",82.9106336060981,65.2753704039184,74.3288262280926,73.9959053720071
"4","AT","AT21","Kärnten",90.2377154196438,66.7667581067322,63.5095283003737,73.0439887696934
"5","AT","AT22","Steiermark",89.6327263226553,65.0656277691276,68.7984336223391,74.1221418448452
"6","AT","AT31","Oberösterreich",90.3153845089519,67.9000284071353,65.9639476019463,74.3354769131375
"7","AT","AT32","Salzburg",88.633613848241,73.594440539765,68.5837402137067,76.7071938940617
"8","AT","AT33","Tirol",89.1897415436683,70.6255244451679,69.6742264353927,76.2422372875476
"9","AT","AT34","Vorarlberg",89.9131563280595,65.624316810887,64.7563495217136,72.9900908991686
"10","BE","BE10","Rég. de Bruxelles-Cap./Brussels Hfst. Gew.",77.6819210904571,65.6687132058618,62.6084696176747,68.5027126196164
"11","BE","BE21","Antwerpen",78.3111058560009,67.9787679253718,61.2702348853164,69.010738068591
"12","BE","BE22","Limburg",78.6725105475499,71.313347981739,60.1210188579181,69.8241294538482
"13","BE","BE23","Oost-Vlaanderen",78.0583686317856,69.6872101895695,64.6893278562056,70.7052204510192
"14","BE","BE24","Vlaams-Brabant",78.6123585624543,70.9530693818727,65.7263632314173,71.6669776071644
"15","BE","BE25","West-Vlaanderen",78.1164524533222,70.2371739534226,60.4796195629067,69.4221003661463
"16","BE","BE31","Brabant Wallon",80.6078249293261,65.2426233728867,61.9361630533471,69.0307836120722
"17","BE","BE32","Hainaut",78.9916864972987,64.6372323939569,53.6620640297259,65.3558775109906
"18","BE","BE33","Liège",79.4913918021502,64.7104852706186,57.9700385134526,67.0973032169057
"19","BE","BE34","Luxembourg",78.4834431892614,71.3155315991384,55.8251747139372,68.2031811035983
"20","BE","BE35","Namur",79.4853365128659,69.0542974804453,58.0961787193658,68.5994274732195
"21","BG","BG31","Severozapaden",58.0140575220196,42.1818127047739,31.5557673690079,43.2477248125602
"22","BG","BG32","Severen tsentralen",65.8181646377102,46.1857592757804,40.9066771489518,50.432167830271
"23","BG","BG33","Severoiztochen",63.9267299108661,46.720876286582,39.1163695879592,49.3974436140299
"24","BG","BG34","Yugoiztochen",63.66369619394,42.9643356339961,34.4944976184384,46.2711653632167
"25","BG","BG41","Yugozapaden",63.7876454982375,50.7485799791567,48.5678911107195,54.1675750641227
"26","BG","BG42","Yuzhen tsentralen",64.7516805432798,44.3973464392254,40.7377736081407,49.4330449469629
"27","CY","CY","Kýpros",77.5727550140433,58.6410219937142,51.0390064699053,61.9339681536285
"28","CZ","CZ01","Praha",84.6848994438508,69.2890149627332,67.1026576745529,73.4909760660886
"29","CZ","CZ02","Střední Čechy",85.2946273200359,67.424202124238,52.6283710078295,67.7947741277865
"30","CZ","CZ03","Jihozápad",85.480995334214,68.2065499538105,55.1451937011942,69.0577618496532
"31","CZ","CZ04","Severozápad",79.6318328201054,60.4069067004455,47.970971392658,61.9996816943492
"32","CZ","CZ05","Severovýchod",85.6406742640117,65.4305339367996,53.9712953833248,67.7310060160117
"33","CZ","CZ06","Jihovýchod",85.8764538535227,66.9246737843855,60.4336442145089,70.6810849711288
"34","CZ","CZ07","Střední Morava",85.453094979368,64.2175730489206,55.38732075391,67.7874316278193
"35","CZ","CZ08","Moravskoslezsko",82.5123953139516,58.5632026670476,55.7386027470402,65.0825244653774
"36","DE","DE11","Stuttgart",84.3391800452983,67.2656599022335,64.8299259517443,71.8929001035125
"37","DE","DE12","Karlsruhe",83.6705918259486,67.6667066659081,64.9452359848529,71.8651878554583
"38","DE","DE13","Freiburg",84.1088424254809,69.1264156309323,64.7620656443188,72.436015560669
"39","DE","DE14","Tübingen",84.0705728403485,69.479404144917,65.1177583399564,72.6698781436759
"40","DE","DE21","Oberbayern",86.0696364317224,67.8758907261788,65.6993787614852,72.940539915838
"41","DE","DE22","Niederbayern",86.1229707270995,66.4707454257024,59.7943878640876,70.3691058122199
"42","DE","DE23","Oberpfalz",87.7291637978277,66.93917179184,61.544662493204,71.6452867286287
"43","DE","DE24","Oberfranken",85.6638447215574,67.9499388411152,62.5313614835576,71.7201733556828
"44","DE","DE25","Mittelfranken",85.410971890888,66.1197688415468,62.9036294872223,71.145810699985
"45","DE","DE26","Unterfranken",87.4259649984347,68.4109069937196,63.6035151419619,72.7976127018181
"46","DE","DE27","Schwaben",87.1915684412635,67.8436622858155,61.1839026422846,71.6640297108563
"47","DE","DE30","Berlin",81.0748020600622,68.2503932133733,66.4742406080808,71.7900795016014
"48","DE","DE40","Brandenburg",84.6956923364281,66.7444135774141,60.2601566028088,70.199224563872
"49","DE","DE50","Bremen",78.5676194747837,71.480245058015,65.999608475283,71.9242575263286
"50","DE","DE60","Hamburg",83.8938530011655,71.8282779912443,70.670366171664,75.3486620623457
"51","DE","DE71","Darmstadt",83.5476085764166,66.6592585600004,63.699691985182,71.0433147671318
"52","DE","DE72","Gießen",84.4676454399078,68.1856353001432,64.2209431708479,72.0341738982161
"53","DE","DE73","Kassel",85.2682893240239,69.0205132775828,62.0574047691616,71.7950831503381
"54","DE","DE80","Mecklenburg-Vorpommern",81.8027579323207,69.6845554926767,57.6488933101918,69.3605925781826
"55","DE","DE91","Braunschweig",85.4582555158311,71.5582452455998,62.802128451272,72.9791671003434
"56","DE","DE92","Hannover",84.9681339566932,70.4052983888541,62.2511990913981,72.2417583082924
"57","DE","DE93","Lüneburg",84.4280040664324,71.6182336154814,60.7917661257632,71.9563938570759
"58","DE","DE94","Weser-Ems",85.3982057922573,71.043930605527,59.618330618905,71.6345668010192
"59","DE","DEA1","Düsseldorf",82.6546457055984,67.8524721660232,62.285560257651,70.6767600187086
"60","DE","DEA2","Köln",84.4420992861368,69.5146008634168,64.1963997744311,72.4714270637861
"61","DE","DEA3","Münster",84.397416252984,69.3231166867547,62.6854011012477,71.8553944804399
"62","DE","DEA4","Detmold",85.6215916670914,71.0956039239328,62.2702360266624,72.6822390027239
"63","DE","DEA5","Arnsberg",82.1616213183102,68.3544217807683,62.2567571001492,70.6847850972868
"64","DE","DEB1","Koblenz",87.6820746720693,67.8135506416549,62.844299462846,72.3985922990815
"65","DE","DEB2","Trier",87.0333101039822,69.2160109992697,64.3265537570758,73.2117765733598
"66","DE","DEB3","Rheinhessen-Pfalz",85.8694786669879,67.3671366742218,64.3652467225753,72.233695670887
"67","DE","DEC0","Saarland",83.3450015732815,68.4065614506624,61.2244494855787,70.6988344160214
"68","DE","DED2","Dresden",84.1425342747238,67.3698304995436,61.2192909475988,70.588632334732
"69","DE","DED4","Chemnitz",83.0007263091565,68.3395685825449,58.0831778628609,69.4360028390136
"70","DE","DED5","Leipzig",81.268334985175,68.0338162084904,61.3037310494699,69.9611046290213
"71","DE","DEE0","Sachsen-Anhalt",78.017602912496,67.8229326455641,54.1825484361841,66.3090187019781
"72","DE","DEF0","Schleswig-Holstein",83.8747568008546,72.8446901835404,60.1805416351624,71.9716850217989
"73","DE","DEG0","Thüringen",84.5644910082233,68.8493812184774,62.1560369976237,71.5567002699384
"74","DK","DK01","Hovedstaden",86.7895846484334,76.8174206980811,82.0704572814085,81.8417087097117
"75","DK","DK02","Sjælland",87.3847591724616,77.2486243980826,74.0523666140942,79.4621872501603
"76","DK","DK03","Syddanmark",89.5196125116529,78.1134958473206,77.0987619949349,81.4822426403741
"77","DK","DK04","Midtjylland",89.9742557300937,79.1162356288309,79.7211208395554,82.8638522448114
"78","DK","DK05","Nordjylland",89.0968551972731,78.5330263711505,78.2271131236557,81.8760066619625
"79","EE","EE","Eesti",79.4894370584085,73.6836365790233,61.4791173886223,71.3487920017351
"80","EL","EL30","Attiki",71.0941686613098,51.3743669317914,51.4287597080708,57.6117028695978
"81","EL","EL41","Voreio Aigaio",73.0848321176669,57.8844125389139,42.6474028774681,57.1921386298897
"82","EL","EL42","Notio Aigaio",71.3588623682258,50.2931570165753,35.4521452829919,51.329366515073
"83","EL","EL43","Kriti",75.3243597066421,58.0866873209968,42.9895298817214,58.0494818587611
"84","EL","EL51","Anatoliki Makedonia, Thraki",74.2905370694234,50.0053743252229,42.8106074261793,54.9260100051427
"85","EL","EL52","Kentriki Makedonia",75.6138947191578,49.2542558113479,44.7623982632202,55.7721858784026
"86","EL","EL53","Dytiki Makedonia",75.5592717054781,53.1376038603863,42.6006063673768,56.2947692444718
"87","EL","EL54","Ipeiros",76.8634081584488,57.5156709322527,44.4798054691438,58.8821151922073
"88","EL","EL61","Thessalia",78.2664680326524,52.0753125817892,39.5565790786639,55.5152082388341
"89","EL","EL62","Ionia Nisia",76.5825505541548,56.7122669380038,38.9599601962983,56.3685215426651
"90","EL","EL63","Dytiki Ellada",73.0587867507312,52.9323656403766,40.8300425847869,54.82289613474
"91","EL","EL64","Sterea Ellada",76.5650616564784,47.9942897967425,36.5434921883603,52.4323651036901
"92","EL","EL65","Peloponnisos",75.4180440210563,52.9569941101285,35.6574907129428,53.4502397415048
"93","ES","ES11","Galicia",82.4538761895484,67.799891747492,56.951733220754,68.6750201083899
"94","ES","ES12","Principado de Asturias",81.2353500362779,67.997206017204,57.336729040864,68.5098843651901
"95","ES","ES13","Cantabria",82.0140032381163,72.1550914981727,58.2897736352528,70.4779703644166
"96","ES","ES21","País Vasco",86.2962302210533,72.4107348387718,63.8831142924047,73.9125211222896
"97","ES","ES22","Comunidad Foral de Navarra",86.1975243817546,72.6438970803992,62.9365407640786,73.6201551137316
"98","ES","ES23","La Rioja",85.3890753933413,67.8919805858911,62.7585446741606,71.6974782093599
"99","ES","ES24","Aragón",86.1533695147635,67.6661930522966,59.742082674364,70.7680842356127
"100","ES","ES30","Comunidad de Madrid",84.0353160461369,63.4356955996049,62.6265569240092,69.6970347549514
"101","ES","ES41","Castilla y León",83.6462014159007,67.8433974658117,56.395355140144,68.8469804771509
"102","ES","ES42","Castilla-La Mancha",82.30953137774,58.6960840244671,51.0799862282927,63.3659695969048
"103","ES","ES43","Extremadura",81.3631382965757,60.9839110747135,52.2982624397395,64.3264160426528
"104","ES","ES51","Cataluña",80.8001232145755,63.2631255184139,58.1869626735687,67.0801340067419
"105","ES","ES52","Comunidad Valenciana",82.0921912520348,63.9193732291282,58.3826661092373,67.7674068650866
"106","ES","ES53","Illes Balears",79.9354158187511,62.6445792707953,54.3422844671271,65.2175530048551
"107","ES","ES61","Andalucía",78.6802200717865,57.2600330026272,51.2306337024404,61.8570761823138
"108","ES","ES62","Región de Murcia",81.3356845682522,60.0266133127963,55.5227178864337,65.1661766604244
"109","ES","ES63","Ciudad Autónoma de Ceuta",78.7051418176395,58.0993578115622,50.8558655884538,62.0167546897856
"110","ES","ES64","Ciudad Autónoma de Melilla",78.54926482987,59.8887226560237,51.4008282686459,62.7845982766176
"111","ES","ES70","Canarias",80.542265882189,68.145155813153,54.7871379521594,67.411629549051
"112","FI","FI19","Länsi-Suomi",87.969706152385,82.427825945183,78.3796882995436,82.8793215755287
"113","FI","FI1B","Helsinki-Uusimaa",87.188226534535,82.3421868257048,81.8332260784664,83.7706669092427
"114","FI","FI1C","Etelä-Suomi",87.9895903669902,81.1542582718137,76.5545619169429,81.8324612171452
"115","FI","FI1D","Pohjois- ja Itä-Suomi",87.9290913521352,81.8863583082274,77.3865341278359,82.3442580839744
"116","FI","FI20","Åland",91.0992725506296,78.785526130996,75.1323222480979,81.532504186753
"117","FR","FR10","Île de France",75.9546364387161,69.8040120130051,67.9446379717231,71.1938194227773
"118","FR","FRB0","Centre - Val de Loire",83.9906085736835,69.686195985275,63.8336625778529,72.2616851534568
"119","FR","FRC1","Bourgogne",82.8635219434095,69.3501785289432,64.6694061962102,72.0933722012554
"120","FR","FRC2","Franche-Comté",83.6766915881861,68.6551621022341,64.3425500735701,71.9936317286826
"121","FR","FRD1","Basse-Normandie",81.418648065233,70.4210379650474,63.7473928012712,71.6796414698913
"122","FR","FRD2","Haute-Normandie",79.3661654251636,68.6028182457241,63.5473232843226,70.3535579513394
"123","FR","FRE1","Nord-Pas de Calais",80.8686544328632,66.2106491443728,64.7474050699169,70.4271741522842
"124","FR","FRE2","Picardie",80.4760722584882,65.2062631557504,60.375832094916,68.4263913958106
"125","FR","FRF1","Alsace",83.833296980556,67.4518183528513,67.3982270528006,72.6960886986222
"126","FR","FRF2","Champagne-Ardenne",81.0952863797918,65.5314301311641,62.9938279639396,69.6518535748784
"127","FR","FRF3","Lorraine",82.2519789452796,68.1392654464768,65.6981244028859,71.8503558705197
"128","FR","FRG0","Pays de la Loire",82.3251156909487,73.0618178742677,69.1169919136813,74.7337338271294
"129","FR","FRH0","Bretagne",81.9771188737445,74.2282710730304,70.4705670457405,75.4835427197448
"130","FR","FRI1","Aquitaine",82.6948501972635,71.6957839900445,70.2509127238635,74.7797689938149
"131","FR","FRI2","Limousin",84.9800218142969,71.9336598464401,69.7876351208836,75.421881506636
"132","FR","FRI3","Poitou-Charentes",85.3552582311739,70.9095799748762,65.9023205808813,73.8316176230206
"133","FR","FRJ1","Languedoc-Roussillon",79.7381843708027,67.3481827709647,64.9710068449631,70.5413941340238
"134","FR","FRJ2","Midi-Pyrénées",82.6410267127555,72.2436720612391,69.9068107981514,74.830389372688
"135","FR","FRK1","Auvergne",83.8254194828981,71.3423880916513,67.9610019880943,74.2234568774958
"136","FR","FRK2","Rhône-Alpes",82.8448454531475,69.4318623817544,71.5597566683464,74.4987226677624
"137","FR","FRL0","Provence-Alpes-Côte d’Azur",77.2536336015209,65.1468336411359,65.5877530723835,69.2190170475015
"138","FR","FRM0","Corse",78.8110357129063,62.9950968566927,59.2190935432722,66.7483408832719
"139","FR","FRY1","Guadeloupe",73.3041228126728,71.2461818446304,50.0278552742128,64.4036490102058
"140","FR","FRY2","Martinique",65.4087803267693,74.2788844505321,54.5809437833687,64.5022136373623
"141","FR","FRY3","Guyane",56.2921297197488,52.3799235841071,37.6760246801682,48.4336454065658
"142","FR","FRY4","La Réunion",76.1056098046151,66.1129366226945,51.3591623185086,64.1140231540786
"143","FR","FRY5","Mayotte",59.2717405576748,40.36273698691,45.8307138852541,48.1720220551629
"144","HR","HR03","Jadranska Hrvatska",80.2156991459066,61.9538453504249,39.6995397654777,59.4346187533146
"145","HR","HR04","Kontinentalna Hrvatska",74.1590017880561,53.1231175920832,41.1888022441918,55.3435471149774
"146","HU","HU11","Budapest",80.8394737301736,56.3131821585145,55.3519027732753,63.6547301345421
"147","HU","HU12","Pest",79.9447367314385,56.5327627077901,44.3506958056246,59.3908671203522
"148","HU","HU21","Közép-Dunántúl",81.2675779272403,54.7448179959039,45.7939641250275,59.7062769567693
"149","HU","HU22","Nyugat-Dunántúl",82.5547413766224,56.3754387737828,44.9133292208934,60.3007261859247
"150","HU","HU23","Dél-Dunántúl",75.6826036929474,51.1605803023825,43.2426847721373,55.8913455620541
"151","HU","HU31","Észak-Magyarország",69.4631221945206,46.798358002316,38.7898799001649,50.9012741673903
"152","HU","HU32","Észak-Alföld",73.9091014192246,50.0364544000327,41.1632575725966,54.2017197525677
"153","HU","HU33","Dél-Alföld",75.2537021304036,52.2424667229009,44.911802925261,56.7732667898604
"154","IE","IE04","Northern and Western",84.3784002251915,77.135950944721,64.9222432796937,75.2609061532356
"155","IE","IE05","Southern",82.9950113081199,78.257421493979,65.4901010784943,75.3949388771193
"156","IE","IE06","Eastern and Midland",79.4774176711645,78.5974323205586,67.7834228330872,75.1897034104791
"157","IT","ITC1","Piemonte",79.2158917904934,52.9987399017222,45.9562145139491,58.570733718482
"158","IT","ITC2","Valle d'Aosta/Vallée d'Aoste",80.7437051219558,59.4944142618417,46.3121429750017,61.3836465977586
"159","IT","ITC3","Liguria",76.2338502737899,60.1041156556189,45.3922195368115,59.9140969262504
"160","IT","ITC4","Lombardia",82.5331741964867,49.0031243180752,49.9982109472776,59.5775142161652
"161","IT","ITF1","Abruzzo",72.3800447610228,62.3270912251435,40.5853838747775,57.6235998600332
"162","IT","ITF2","Molise",79.8315384551098,62.4974020818709,42.5002737475261,60.6301164209341
"163","IT","ITF3","Campania",69.2594108710568,52.4214124152959,38.7781317062929,52.7545399545232
"164","IT","ITF4","Puglia",76.2658396076747,56.4801811456208,35.9311966194456,54.9704847665228
"165","IT","ITF5","Basilicata",75.7488224883805,62.2689807183046,37.1385456679666,57.1969012985554
"166","IT","ITF6","Calabria",76.0063075050632,58.0884622068078,34.1679152330817,54.6863756947951
"167","IT","ITG1","Sicilia",72.3810534950233,56.848329412687,36.8835647282189,54.3693512835781
"168","IT","ITG2","Sardegna",77.6126673401519,62.1585599324726,41.0289438680589,59.2861971204652
"169","IT","ITH1","Prov. Autonoma di Bolzano/Bozen",84.52977078886,62.0670549382666,49.9573445087478,64.7505772576112
"170","IT","ITH2","Provincia Autonoma di Trento",83.5283473695891,64.815627581739,52.8780309249585,66.4873242768002
"171","IT","ITH3","Veneto",82.8189809207508,53.9390117145768,48.3772978780311,60.8409923371783
"172","IT","ITH4","Friuli-Venezia Giulia",81.4802744599782,60.872045253164,49.7765260787008,63.3825339576726
"173","IT","ITH5","Emilia-Romagna",82.0559803529954,58.5357653518043,52.627046073216,63.8070398692826
"174","IT","ITI1","Toscana",79.1579480454416,62.1395493403281,49.8371269931567,63.1467620948981
"175","IT","ITI2","Umbria",77.0557024870936,64.4514680129716,46.5984384712936,62.0555829516338
"176","IT","ITI3","Marche",76.6329731451236,64.3441099936232,45.8272499994817,61.5967905750961
"177","IT","ITI4","Lazio",76.2786057901542,59.2921892603204,48.3083136445075,60.7585058742228
"178","LT","LT01","Sostinės regionas",74.1194280260636,68.2010768033255,58.0136710898193,66.6091518918445
"179","LT","LT02","Vidurio ir vakarų Lietuvos regionas",76.2959082127943,64.6185079749443,52.117215192226,63.9602306448057
"180","LU","LU","Luxembourg",84.1129209446539,69.2759869838074,70.787096551399,74.5807044438262
"181","LV","LV","Latvija",73.6600220996732,65.8633137251342,50.5476159500196,62.9792915502279
"182","MT","MT","Malta",86.9780664815662,58.3829167678334,58.2506802429811,67.236107848673
"183","NL","NL11","Groningen",86.622745045992,75.9545959471258,76.4923286335354,79.6158648012418
"184","NL","NL12","Friesland",86.7945176750815,76.0582604339953,72.1813540163814,78.2249283939799
"185","NL","NL13","Drenthe",86.5703155478213,74.9415712000714,70.4666266354139,77.1799572185505
"186","NL","NL21","Overijssel",87.1157945086194,74.610583378217,74.6302062165007,78.6781041157217
"187","NL","NL22","Gelderland",86.7888096655455,73.8530634455358,76.4089802938451,78.9198576216797
"188","NL","NL23","Flevoland",87.1908801142758,74.9344656228018,75.2511807161352,79.0251014633221
"189","NL","NL31","Utrecht",86.1366507213477,76.1499182599066,80.8980634122789,81.0102627875224
"190","NL","NL32","Noord-Holland",85.8934387551358,75.4122383475618,79.2517310743469,80.1277855392089
"191","NL","NL33","Zuid-Holland",86.2840968708876,73.8568063772354,77.4052479842425,79.0969916550414
"192","NL","NL34","Zeeland",85.7790708344256,72.159201238927,71.206635060853,76.2405984428901
"193","NL","NL41","Noord-Brabant",87.3960943372226,72.6657893352852,74.7619334319008,78.1427079796078
"194","NL","NL42","Limburg",86.7295143073439,71.4188391405709,73.0776643267423,76.9268301174637
"195","PL","PL21","Małopolskie",78.5442324583323,55.3145847894792,57.3045756840314,63.3078789003937
"196","PL","PL22","Śląskie",76.7589090119161,51.2176306332831,54.870773693618,60.452421095106
"197","PL","PL41","Wielkopolskie",76.1147860150373,60.2140638282041,50.7769608312495,61.9366189661811
"198","PL","PL42","Zachodniopomorskie",74.712638846138,61.7097491714607,48.5966968375672,61.2062954645808
"199","PL","PL43","Lubuskie",75.4457570013332,59.1242640015231,46.4490618296321,59.7556671234175
"200","PL","PL51","Dolnośląskie",77.3528528615786,58.53319263398,51.2858195594668,61.9219884987494
"201","PL","PL52","Opolskie",79.5130124171344,56.5719534618752,46.4397427368134,60.0785745703302
"202","PL","PL61","Kujawsko-pomorskie",75.5506886803907,59.9609980853967,45.5026495218001,59.7065486248089
"203","PL","PL62","Warmińsko-mazurskie",76.6165263235633,61.2279342623663,45.3012420183025,60.3653088198421
"204","PL","PL63","Pomorskie",77.7069587987053,65.7191153646841,52.0781401385718,64.740295641275
"205","PL","PL71","Łódzkie",74.2817191168198,54.3837195832144,48.2337284580327,58.462675819189
"206","PL","PL72","Świętokrzyskie",75.0743113407948,56.5421268492504,43.6210630303922,57.7023436363792
"207","PL","PL81","Lubelskie",74.2706408157205,59.4436540578972,50.6486399012013,61.0731749437208
"208","PL","PL82","Podkarpackie",75.837834774877,59.2814349170752,47.565406083365,60.3454683462643
"209","PL","PL84","Podlaskie",79.0145581447944,61.488430340627,50.8101312718371,63.2480446550011
"210","PL","PL91","Warszawski stołeczny",79.3717425400044,60.5468373445312,62.6228136410875,67.260362741742
"211","PL","PL92","Mazowiecki regionalny",76.7165603868259,59.9059564343614,47.8328692256763,60.9171089058288
"212","PT","PT11","Norte",80.706782735982,61.7016441839842,55.3334843631116,65.4879240448748
"213","PT","PT15","Algarve",80.9978809688891,57.1977017351019,51.4144679035672,62.5849059841693
"214","PT","PT16","Centro",82.4564626738559,59.878966051184,55.9993345343123,65.6206624406504
"215","PT","PT17","Área Metr. de Lisboa",80.2380698823954,64.819906141008,62.3866627621218,68.9297041228365
"216","PT","PT18","Alentejo",79.6471508658441,55.2313849244266,51.7800098425657,61.6337005725683
"217","PT","PT20","Região Autónoma dos Açores",76.2435932397327,51.0060872544172,48.694758863651,58.0226262945421
"218","PT","PT30","Região Autónoma da Madeira",76.0790795072125,53.4079632059925,51.7408064715522,59.9257423653797
"219","RO","RO11","Nord-Vest",66.9650210483472,49.1578414863552,38.706492203773,50.960253995399
"220","RO","RO12","Centru",67.2695621699799,48.2681001845867,35.4225144904463,49.472507938444
"221","RO","RO21","Nord-Est",60.1961983203359,43.1875692638189,32.9642083145496,44.7640945598052
"222","RO","RO22","Sud-Est",59.1944321011778,42.7540766576607,30.9867453194223,43.5557139658233
"223","RO","RO31","Sud - Muntenia",57.0325104573101,43.7771983886976,32.0073847453057,43.6741582763847
"224","RO","RO32","Bucureşti - Ilfov",66.6984139554895,53.3883137078276,43.7198183269918,54.1977520799928
"225","RO","RO41","Sud-Vest Oltenia",60.6910483506199,46.584483708823,34.8817398867353,46.7938319454135
"226","RO","RO42","Vest",68.8008871535125,50.1398661458127,36.8545787894741,51.1052373832754
"227","SE","SE11","Stockholm",83.9563337492793,83.1845880682199,78.5227385797419,81.8701230421762
"228","SE","SE12","Östra Mellansverige",85.3093958018428,82.8869973829198,78.7552778301953,82.2948654336301
"229","SE","SE21","Småland med öarna",89.1037901816102,82.8297626630461,77.0134412964715,82.9088945569669
"230","SE","SE22","Sydsverige",85.9274517011288,80.6996641186359,78.1676280939585,81.5664939374009
"231","SE","SE23","Västsverige",87.4582932297751,82.2872625443102,78.3126598967358,82.6437998824954
"232","SE","SE31","Norra Mellansverige",89.0654281101797,82.3187488944142,76.0648190619942,82.3975624758435
"233","SE","SE32","Mellersta Norrland",90.5799150347643,83.8864417397422,75.8550102873549,83.3312191662449
"234","SE","SE33","Övre Norrland",90.2692166375683,85.3886101738457,79.8884987909561,85.1291864407279
"235","SI","SI03","Vzhodna Slovenija",82.4556570685274,62.0489629514443,57.717574581036,66.9933218613734
"236","SI","SI04","Zahodna Slovenija",79.9874457590533,66.624767320431,65.2720728878755,70.4764898443885
"237","SK","SK01","Bratislavský kraj",82.5787584629775,65.1685355291141,57.0766577698181,67.8695768105216
"238","SK","SK02","Západné Slovensko",80.4299967180764,61.0547726081839,42.4234901226499,60.297110935539
"239","SK","SK03","Stredné Slovensko",76.9289690300347,57.5671447356732,41.8418174605229,57.8955761726308
"240","SK","SK04","Východné Slovensko",75.5507974029135,55.0737285089643,40.5639896402604,56.1607869703573
