"","F3","F1","F2","F4","Cluster","NUTS_ID1"
"1",0.31288336524363,0.586293447257937,0.925252401123883,-0.171049861557423,1,"AT11"
"2",0.513211118530239,0.724383335638882,1.01205664343591,-0.195022115010197,1,"AT12"
"3",0.856662658749442,0.556906984317687,0.145919091567542,1.29297700978229,1,"AT13"
"4",0.181909695843171,0.693880025273561,0.846077708859901,0.155216473259338,1,"AT21"
"5",0.431576721664613,0.701794320155909,0.800473861920656,0.510207594851707,1,"AT22"
"6",0.386409392894619,0.89367933440094,1.04652066518733,0.447058694702525,1,"AT31"
"7",0.501980741501286,0.864157929944032,0.782640174483691,1.22853330188194,1,"AT32"
"8",0.628588641234413,0.917804428774882,0.837841344199128,0.748742985362313,1,"AT33"
"9",0.311902532566294,0.89913955873049,1.12843794264209,-0.0912463861511328,1,"AT34"
"10",0.29947592958567,0.589207913672805,-0.289088563114273,0.15032084897545,1,"BE10"
"11",0.208265030334659,0.587735516492004,0.362962509883678,0.408462891694798,1,"BE21"
"12",0.180519317475659,0.67935296680791,0.377384079621239,0.635659004669896,1,"BE22"
"13",0.32358140245405,0.473287634501428,0.380797853920969,0.74527901193764,1,"BE23"
"14",0.437772291410521,0.709189527030573,0.437113165667509,0.749714120375738,1,"BE24"
"15",0.224163026547211,0.464658369514487,0.524409068357441,0.43553289001034,1,"BE25"
"16",0.226447915842103,0.559627825765908,0.191935931380463,-0.398276016294043,1,"BE31"
"17",-0.103914600478988,-0.136018397129457,0.0944986438704511,-0.447423867493147,1,"BE32"
"18",0.104639356401483,0.16863310150617,0.0815362724999199,-0.540477620676549,1,"BE33"
"19",-0.0107482224939062,0.140446843410921,0.247882558905727,0.279598867485377,1,"BE34"
"20",0.12370425454887,0.0270463059973871,0.0654525226529195,0.253719116388214,1,"BE35"
"21",-1.80842357770766,-3.36040528322899,-1.21571302118222,-2.11887468797287,2,"BG31"
"22",-1.42634131842198,-2.8192594042754,-1.13238818818666,-1.10281445012964,2,"BG32"
"23",-1.55273205515997,-2.96156477198625,-1.03510888981554,-1.40427677120548,2,"BG33"
"24",-1.50092319729921,-3.03128236894333,-1.34657954836635,-2.05973301323534,2,"BG34"
"25",-1.30952784211291,-1.49773718884883,-0.993453407883411,0.671737484593191,2,"BG41"
"26",-1.41841728064541,-2.62493077156269,-0.746453548198339,-1.70948291064616,2,"BG42"
"27",-0.896887435074002,0.656555299955334,-0.857483473350411,-0.321379834466563,2,"CY"
"28",0.201106238433634,0.817301685557108,0.779318893471696,1.63282883507959,1,"CZ01"
"29",-0.490548866689486,0.349721831439701,0.826332081957024,0.855165452438401,1,"CZ02"
"30",-0.337380525801083,0.121938407758828,0.669535085763966,0.809543237844446,1,"CZ03"
"31",-0.629527718117322,-0.580596939689978,0.186296573010631,-0.30187617209623,2,"CZ04"
"32",-0.452219681276349,0.25840063255236,0.570177181519338,0.604679077465536,1,"CZ05"
"33",-0.120752213683756,0.349208197351492,0.601482548581354,1.0709020533046,1,"CZ06"
"34",-0.420722082643865,0.0382010871278394,0.567781624536837,0.970744176393125,1,"CZ07"
"35",-0.330359223811205,-0.183213788071084,0.317501903195266,0.804173303946186,1,"CZ08"
"36",0.243638548596402,0.672156656059477,1.18467994856391,0.570846750508852,1,"DE11"
"37",0.290492620224652,0.651855768994188,1.19297048245357,0.536500402357297,1,"DE12"
"38",0.35007748741285,0.632104279981604,1.28631354384797,0.392954779435793,1,"DE13"
"39",0.326844426997585,0.605752045647165,1.26270218989874,0.595910567187786,1,"DE14"
"40",0.295161095974542,0.889936858378599,1.17500872188317,0.583486144061049,1,"DE21"
"41",0.185608792541416,0.373913203543209,1.40698236323609,0.181642972098284,1,"DE22"
"42",0.233764034887183,0.661649583434184,1.46142146532723,0.150219698565911,1,"DE23"
"43",0.385826416714114,0.29268573630167,1.26683231711318,0.193397099609629,1,"DE24"
"44",0.268903556193125,0.58346307611806,1.26907042886766,0.256620569658406,1,"DE25"
"45",0.334159964820141,0.738718959819535,1.33507666836828,0.258360117342857,1,"DE26"
"46",0.171790739073868,0.742809623575015,1.33742012652285,0.275197767316843,1,"DE27"
"47",0.51843706021878,0.428560278466459,0.665534396927703,0.692837712632872,1,"DE30"
"48",0.324907303941555,0.161965244709568,1.12489377830291,-0.226355542105195,1,"DE40"
"49",0.810107120748007,0.155235349265479,0.874654662339227,0.629624779539928,1,"DE50"
"50",0.831317543355317,0.585873995744594,1.01417557747629,0.958620971021999,1,"DE60"
"51",0.240812720025823,0.67383706461241,0.963737383872671,0.273499551172087,1,"DE71"
"52",0.341528097626251,0.434937930752548,0.928024540964667,0.305874478901626,1,"DE72"
"53",0.351086417871134,0.473457973978928,1.08876546769108,0.101271508470001,1,"DE73"
"54",0.24144820892507,-0.158533362296623,0.79991247035106,-0.025506973605574,1,"DE80"
"55",0.650531240664793,0.313198069263975,1.20450787509091,0.207940788105636,1,"DE91"
"56",0.640805231846744,0.2889185276987,1.28624757684935,0.0593086138267643,1,"DE92"
"57",0.595534801957259,0.286132638535393,1.31374158275915,0.104977579798983,1,"DE93"
"58",0.512369689343877,0.304180883478251,1.3820913083707,0.0385998756682081,1,"DE94"
"59",0.386836462750971,0.282823458124475,1.02893762934028,0.403044650097793,1,"DEA1"
"60",0.447472871146391,0.495254784285815,1.06540177604237,0.554199177594752,1,"DEA2"
"61",0.406795084421633,0.428699110272004,1.15670842969955,0.444649963427066,1,"DEA3"
"62",0.446097056338752,0.462514750269143,1.18438659023921,0.39593674821246,1,"DEA4"
"63",0.429606057261542,0.131770369472481,1.00998320791286,0.420080728835174,1,"DEA5"
"64",0.472977875508142,0.370637923598726,1.35457009501645,0.093245256984105,1,"DEB1"
"65",0.590829605062843,0.405166829705705,1.37309193308077,0.172767898322419,1,"DEB2"
"66",0.470649600998477,0.430402863309579,1.15419843994303,0.303632773708921,1,"DEB3"
"67",0.423436450794219,0.155952069598844,1.12767814911504,0.309752680775561,1,"DEC0"
"68",0.00747433941894655,0.428761976879523,0.846646574498835,0.629999303316129,1,"DED2"
"69",-0.0543006283559468,0.204987666696948,0.900055710773988,0.498524454125056,1,"DED4"
"70",0.0800990138381661,0.207619490094288,0.775207724185459,0.58783630219469,1,"DED5"
"71",0.0500094805861876,-0.196908945187855,0.725403147452223,-0.199740767845521,1,"DEE0"
"72",0.423248467314043,0.383327371379921,1.203807761337,0.154129359757537,1,"DEF0"
"73",0.361585528791905,0.149011904188993,1.08173623721405,0.244385573158257,1,"DEG0"
"74",1.80662334466645,0.884356536232363,1.10805691583511,0.922760898633893,1,"DK01"
"75",1.47404901944011,0.395478370060035,0.957817804692937,0.634253688500663,1,"DK02"
"76",1.55894025884228,0.723350910253704,1.11345910909142,0.841494321840646,1,"DK03"
"77",1.68589549960662,0.88689980104248,1.15438092936999,0.951184985330001,1,"DK04"
"78",1.73725845827979,0.579113754698519,1.00511979542861,0.873548674600992,1,"DK05"
"79",0.617053772594237,-1.36142609826002,0.137618059329387,0.503969985975174,2,"EE"
"80",-0.636931019071289,-0.658931046259209,-1.46219112889167,0.663250861094325,2,"EL30"
"81",-1.15290536426244,-0.983994801108576,-1.720506319131,-0.627002825328715,2,"EL41"
"82",-1.60423060015044,-1.05596913574212,-1.73734501107989,-1.39410272182563,2,"EL42"
"83",-1.27031411925081,-0.750220269525926,-1.53797075351159,-0.329974691702436,2,"EL43"
"84",-1.27887404677286,-1.46427449448729,-1.59819560203396,-0.775566448392028,2,"EL51"
"85",-1.30887410493492,-0.847055579484342,-1.55807048463776,0.0914294556845796,2,"EL52"
"86",-1.24347400016203,-1.02219130349551,-1.89403839766209,-0.414969844100551,2,"EL53"
"87",-1.24462392517453,-0.720355349798741,-1.53534888299615,0.038835297946565,2,"EL54"
"88",-1.74909953993445,-0.590934806416714,-1.65159685046557,-0.306799683278,2,"EL61"
"89",-1.54790231627657,-0.973176641471763,-1.93111611959218,-0.159608161792172,2,"EL62"
"90",-1.59609131418029,-1.19469845940532,-1.89093517067887,-0.199846024046395,2,"EL63"
"91",-1.76948743915402,-0.96252466707122,-1.4397412265465,-1.47601362485388,2,"EL64"
"92",-1.75498636199756,-0.932367208170934,-1.49698050860552,-0.987845561718543,2,"EL65"
"93",0.369755321630095,0.68471743593216,-0.622238802489271,-0.71879703521381,1,"ES11"
"94",0.433003354839251,0.636521236341565,-0.596603602230902,-0.725115122925159,1,"ES12"
"95",0.433308149945749,0.88605017901832,-0.248961099793413,-0.859234298291598,1,"ES13"
"96",0.66351724133481,0.903520034102872,-0.158592647890501,0.0547691330151328,1,"ES21"
"97",0.672760496539274,1.09648718965368,-0.155823106185279,-0.338126285374033,1,"ES22"
"98",0.570406197310881,0.909575779512876,-0.0516414882321864,-0.888475187976204,1,"ES23"
"99",0.30854902220268,0.949337875745712,-0.216069047267036,-0.585973743471032,1,"ES24"
"100",0.402146230636688,1.2638021696943,-0.528563081473436,0.240073758190257,1,"ES30"
"101",0.141187360450184,0.818597024276031,-0.532410974310615,-0.696377259683496,1,"ES41"
"102",-0.247513063907691,0.820582249703023,-0.7554302385034,-1.38611039223128,2,"ES42"
"103",0.0324329912714142,0.64965172636622,-1.03330674837439,-1.19429001329658,2,"ES43"
"104",0.280430535278503,1.02045012496573,-0.47785944923228,-0.788595233354494,2,"ES51"
"105",0.415678418868342,0.860574405526194,-0.711888358948081,-0.821122960394858,2,"ES52"
"106",0.259826723372502,0.993947130250813,-0.607547160728039,-1.63912485196293,2,"ES53"
"107",-0.0789738439849573,0.704020004439937,-1.16050810422893,-1.44089213774542,2,"ES61"
"108",0.149128140316787,0.838759808576149,-0.993663456514775,-0.879477227333646,2,"ES62"
"109",-0.102423623660183,0.487708854663027,-1.08712080348683,-1.16221606186208,2,"ES63"
"110",0.12328257288013,0.37150928513882,-1.18812575472801,-1.88534788303685,2,"ES64"
"112",1.90025196206126,0.541064841265996,0.694558195442155,0.939917889217444,1,"FI19"
"113",2.02884479502157,0.975750888991259,1.04414084546193,1.03703189338098,1,"FI1B"
"114",1.75465247583164,0.512079248756946,0.718971472175372,0.848522864719568,1,"FI1C"
"115",1.84486029899719,0.487012989976708,0.629385603969974,0.955428767948696,1,"FI1D"
"117",0.761853567839267,0.669825539535579,-0.1739810964773,0.699386990468259,1,"FR10"
"118",0.621579707358904,0.288457105078593,0.0560610020605758,-0.0230639997607262,1,"FRB0"
"119",0.755931695708496,0.136947929837546,-0.0256601888166593,0.0311063873812694,1,"FRC1"
"120",0.675459561742962,0.248592225451218,-0.0113128707766146,-0.00930881547629481,1,"FRC2"
"121",0.748864144891587,0.264188885379895,0.0813891125930801,-0.146700848186858,1,"FRD1"
"122",0.715672185311982,0.16559014717911,-0.142106706909408,-0.0532372429291415,1,"FRD2"
"123",0.805086477673931,0.167408243735232,-0.23174870195965,-0.138584703741648,1,"FRE1"
"124",0.540784868784108,0.147832132848624,-0.0186849162659239,-0.475050308342682,1,"FRE2"
"125",0.767386600978363,0.669595747143655,0.013150754497405,0.185733326732321,1,"FRF1"
"126",0.631765241445555,0.120225547962544,-0.0532292379547283,-0.3334894043329,1,"FRF2"
"127",0.783691799158453,0.406253093610421,0.024430627341831,0.0566472696379336,1,"FRF3"
"128",1.097168765798,0.596225337143039,0.245063909340437,0.210541166369522,1,"FRG0"
"129",1.18453523500856,0.444782879040362,0.253441999725767,0.436641547917748,1,"FRH0"
"130",1.15355888000755,0.456893231228876,0.069391828942442,0.289505712685731,1,"FRI1"
"131",1.05612359718152,0.336309632910148,0.328388351072597,0.37067931505712,1,"FRI2"
"132",0.987019039561214,0.309628199744487,0.164150486405522,0.0820389488223393,1,"FRI3"
"133",0.802943135162158,0.153366352583894,-0.302906697505838,-0.139841295891947,1,"FRJ1"
"134",1.01486258847689,0.559391702507651,0.0723419889648847,0.305183405580594,1,"FRJ2"
"135",1.02008494947107,0.471233046710975,0.231033717602924,0.0795861434894681,1,"FRK1"
"136",1.09161750138374,0.771013500395753,0.185619112326121,0.495420098688005,1,"FRK2"
"137",0.68097326486042,0.331947504885641,-0.108811003115034,0.0268689973411955,1,"FRL0"
"138",0.347552303244931,0.0579077948665028,0.190428185481283,-1.19051110684001,1,"FRM0"
"144",-1.32726546713128,-0.636581289840882,-1.47752546809071,0.478402486982556,2,"HR03"
"145",-1.60112929330663,-0.922277357101894,-1.07316600979645,-0.0532472661319225,2,"HR04"
"146",-0.55743077909803,-0.490764594535564,-0.409937055720814,1.26902211805144,2,"HU11"
"147",-1.09834061041706,-0.93913390859654,-0.298492867747406,0.519396591227036,2,"HU12"
"148",-0.797699117294485,-1.30349639543067,0.193503718229097,-0.0948579907831667,2,"HU21"
"149",-0.930473171431462,-1.36749073121297,0.0661155332837395,0.139646084354429,2,"HU22"
"150",-0.895149330950033,-1.69334595957468,-0.622499917090218,-0.853919100773756,2,"HU23"
"151",-1.11524715204459,-2.41082417820547,-0.953956362647297,-1.31561740248847,2,"HU31"
"152",-1.10836052392998,-1.56557069809212,-0.993974685730936,-0.569893192483074,2,"HU32"
"153",-1.0163310250249,-1.51167024144454,-0.452428075832139,-0.273526056696366,2,"HU33"
"154",0.597610721071843,0.687561772434458,0.720003531022203,-0.081667689499673,1,"IE04"
"155",0.66191135871716,0.699690940483569,0.720500754769281,0.0948003970288382,1,"IE05"
"156",0.759229276726093,0.774278807095773,0.813661024858872,0.15728535729233,1,"IE06"
"157",-0.933548343936329,0.339438599135364,-1.23266391824388,-0.506396043599147,2,"ITC1"
"158",-0.553985411558716,0.357592569747001,-0.523018497328792,-1.58935237703213,2,"ITC2"
"159",-0.768178558441317,0.305170757779548,-1.1767822489734,-1.17635521671194,2,"ITC3"
"160",-0.751935342236832,0.744923108937848,-0.906618870341202,-0.235079641724725,2,"ITC4"
"161",-1.04611047321333,0.0553818148914917,-2.07207230347496,-0.899692606474226,2,"ITF1"
"162",-0.921907288667802,0.326253560034839,-1.53225618713248,-0.667116840700921,2,"ITF2"
"163",-1.10265703632447,-0.533632586652542,-2.26848985090798,-1.47929783073036,2,"ITF3"
"164",-1.23645833805545,-0.0285642788292336,-2.01817721286212,-1.58205317827309,2,"ITF4"
"165",-1.12991020907294,-0.200586591041392,-1.90325078392602,-1.03008902048342,2,"ITF5"
"166",-1.24674180351262,-0.327684040656124,-2.1727815826664,-1.68531092184392,2,"ITF6"
"167",-0.915139919287597,-0.357282334009436,-2.11911156225639,-2.26982323054302,2,"ITG1"
"168",-0.510229876486843,-0.216764513624443,-2.03088504986223,-1.60694638010329,2,"ITG2"
"169",-0.558388452584988,0.755020990110289,-0.303021095445388,-0.768964155820749,2,"ITH1"
"170",-0.313032184283457,0.744177055188943,-0.956961210359205,0.0963222176804621,2,"ITH2"
"171",-0.858239105646399,0.692105174360689,-0.772570943589913,-0.255781521236042,2,"ITH3"
"172",-0.671906711067734,0.511869101134529,-0.784690500004443,-0.318669133678149,2,"ITH4"
"173",-0.539276166689857,0.71014153112876,-0.774301301980668,0.00735679114043924,2,"ITH5"
"174",-0.531468628433687,0.589825951186143,-0.974642391880426,-0.384257711341345,2,"ITI1"
"175",-0.732155779036208,0.599429314182557,-1.54470355066753,-0.157713169024035,2,"ITI2"
"176",-0.75081116055328,0.496057253475324,-1.55085271210328,-0.182415566993011,2,"ITI3"
"177",-0.609199303980745,0.386496380089411,-1.61339252001751,-0.246036099917794,2,"ITI4"
"178",-0.0744533322130457,-1.25231798820687,0.00911181936197998,1.37994658003826,2,"LT01"
"179",-0.294638720178938,-1.78278487348716,-0.619052675833231,0.623329255485627,2,"LT02"
"180",0.897643525041,0.87122512230535,0.843323587632023,0.370830413692246,1,"LU"
"181",-0.100008224033621,-1.94648523994472,-0.867354026852024,0.3168907917103,2,"LV"
"182",-0.210336402450597,0.269923471693187,1.01109963197856,-1.17455158157523,2,"MT"
"183",1.46027511514279,0.805658718540671,0.79020879543335,0.801555864318841,1,"NL11"
"184",1.27074959733443,0.868042240273306,0.97014956943312,0.590954750570173,1,"NL12"
"185",1.17096989827924,0.776032817008106,1.07641016446089,0.534190993814416,1,"NL13"
"186",1.31375031264877,1.0002757372944,1.13080278889354,0.752230803963504,1,"NL21"
"187",1.41581405353785,0.943205832587731,1.15591727954567,0.772094111362524,1,"NL22"
"188",1.34670264765554,1.07993191288625,1.2099307278352,0.719092608417965,1,"NL23"
"189",1.60152988643584,1.08762771874235,1.10653981438464,1.30209926359167,1,"NL31"
"190",1.50643653691328,1.02824500856437,1.1289940706514,1.03546638536178,1,"NL32"
"191",1.33109928503054,1.08366523538752,1.08017325624898,0.980965036366796,1,"NL33"
"192",0.996901933176387,0.899712390626723,1.37569479804465,0.525452827912804,1,"NL34"
"193",1.21763730500703,1.02499436705045,1.1263718506332,0.807872517725211,1,"NL41"
"194",1.19487236962513,0.861482831132922,1.15791125626699,0.504849962731361,1,"NL42"
"195",-0.745691524255958,-0.43480419562689,-0.401700244432163,1.41597369242384,2,"PL21"
"196",-0.600664616217276,-1.01148849877426,-0.24126208923487,1.09504136476718,2,"PL22"
"197",-0.851932912870476,-0.862467026529314,-0.482146391451952,0.981715871228496,2,"PL41"
"198",-0.742497783564897,-1.12642429940655,-0.639037349121864,0.291929609408209,2,"PL42"
"199",-0.815437919662262,-1.1919693392999,-0.457761832927074,0.209256493564208,2,"PL43"
"200",-0.87344544165052,-1.01159918897176,-0.565451269768786,0.856809711722144,2,"PL51"
"201",-1.17340448270761,-0.738409604160563,-0.376263828630607,0.571870027605072,2,"PL52"
"202",-1.05910207820771,-1.05174709854152,-0.842188654521293,0.497352711897603,2,"PL61"
"203",-0.826689959080158,-1.10416682555595,-0.735491481900697,0.152131049057592,2,"PL62"
"204",-0.594835430837675,-0.764836539051361,-0.719754960850466,0.772948705493049,2,"PL63"
"205",-0.978709585769175,-1.36182805086955,-0.963190828525903,0.823191368695253,2,"PL71"
"206",-1.35699325119466,-1.05965589634941,-1.01331114046881,0.583002761487478,2,"PL72"
"207",-0.883667925003235,-1.21000008614489,-0.771235252762338,1.07190342559087,2,"PL81"
"208",-1.00512491341808,-0.82817659645379,-0.802432252614808,0.899433129508895,2,"PL82"
"209",-0.852497232992305,-0.772374669717577,-0.400282681568064,0.749757648745886,2,"PL84"
"210",-0.375127444380825,-0.575618807058768,-0.129266811082572,1.90957351182549,2,"PL91"
"211",-0.736658211189555,-1.10603064773939,-0.155610123087633,0.66573719243651,2,"PL92"
"212",-0.273120436624648,0.2448200479831,0.0653592915342132,-0.861696474961282,2,"PT11"
"213",-0.367644870148321,-0.200330904469391,-0.281836810177229,-1.15517001663225,2,"PT15"
"214",-0.298358869343214,-0.00570927471084718,0.0967841343920572,-1.07492099412128,2,"PT16"
"215",0.324539878291352,0.266319414124903,-0.0185923240545401,0.0828090555973647,1,"PT17"
"216",-0.533194389418215,-0.325448481366786,0.0906512288386037,-1.40144900129296,2,"PT18"
"219",-1.61339642427431,-2.17521510634508,-0.0850321502655142,-1.94735831211687,2,"RO11"
"220",-1.82596380532442,-1.90707320148192,-0.679293378088229,-2.0514548901992,2,"RO12"
"221",-2.12164588399926,-2.80767040207157,-0.433132838898731,-2.96722669155683,2,"RO21"
"222",-2.00297130902429,-3.26428836462196,-0.867441910635383,-2.96525582607336,2,"RO22"
"223",-2.02994356239057,-2.80984666548508,-0.405624763793014,-3.07933256127998,2,"RO31"
"224",-1.43456865748241,-1.61048437547737,-0.558189433001815,-0.373434269516939,2,"RO32"
"225",-1.89616371649493,-2.47331539832745,-0.422749767384749,-2.37539880279911,2,"RO41"
"226",-1.72356327377486,-1.95790326942413,-0.449186026618332,-1.57031495787867,2,"RO42"
"227",1.68583835093264,1.31546304672947,0.870250552075365,1.16160845187322,1,"SE11"
"228",1.80215375747927,1.0442677649415,0.827668563599888,1.07142744014972,1,"SE12"
"229",1.68824556567776,1.17384171260324,1.09265560667958,1.00137661205488,1,"SE21"
"230",1.63941033473675,1.01544876603047,0.84251858945098,1.1777858105346,1,"SE22"
"231",1.71400392249836,1.14620887320289,0.981047906980409,1.15597529786207,1,"SE23"
"232",1.73229679513269,0.83637073032715,0.904684101756682,0.772465036701483,1,"SE31"
"233",1.74461308273528,1.11362880245381,0.98019220035039,0.922255373966889,1,"SE32"
"234",1.9973576798624,0.9572081057674,0.958848082169353,1.15174740468707,1,"SE33"
"235",-0.300129711923816,-0.0855783169191366,0.359471050374979,0.416538923043651,1,"SI03"
"236",0.0760475503524305,0.393567970929547,0.321258253401692,1.090585106119,1,"SI04"
"237",-0.450786039223126,-0.120604369301057,-0.0323711590198683,1.27513055605733,1,"SK01"
"238",-1.15594916934504,-0.774078660883715,-0.385893268336094,0.388351547904667,2,"SK02"
"239",-1.03375713936608,-1.11045067539105,-0.594120911969554,-0.280266772133002,2,"SK03"
"240",-0.860856772380985,-1.45852206378718,-1.0018261419826,-0.835984424904707,2,"SK04"
