"","Country","NUTSID","Population"
"1","AT","AT11",292683
"2","AT","AT12",1671321
"3","AT","AT13",1884616
"4","AT","AT21",560971
"5","AT","AT22",1240188
"6","AT","AT31",1473572
"7","AT","AT32",552354
"8","AT","AT33",750666
"9","AT","AT34",391597
"10","BE","BE10",1206626
"11","BE","BE21",1849619
"12","BE","BE22",872748
"13","BE","BE23",1506999
"14","BE","BE24",1138611
"15","BE","BE25",1192552
"16","BE","BE31",401838
"17","BE","BE32",1343964
"18","BE","BE33",1108159
"19","BE","BE34",285437
"20","BE","BE35",495392
"21","BG","BG31",755961
"22","BG","BG32",794869
"23","BG","BG33",934001
"24","BG","BG34",1039251
"25","BG","BG41",2108648
"26","BG","BG42",1417915
"27","CY","CY00",864979
"28","CZ","CZ01",1294551
"29","CZ","CZ02",1353703
"30","CZ","CZ03",1221743
"31","CZ","CZ04",1116859
"32","CZ","CZ05",1510982
"33","CZ","CZ06",1692276
"34","CZ","CZ07",1216423
"35","CZ","CZ08",1206355
"36","DE","DE11",4122795
"37","DE","DE12",2793409
"38","DE","DE13",2252959
"39","DE","DE14",1845788
"40","DE","DE21",4656340
"41","DE","DE22",1229321
"42","DE","DE23",1104018
"43","DE","DE24",1065572
"44","DE","DE25",1760034
"45","DE","DE26",1313236
"46","DE","DE27",1873038
"47","DE","DE30",3611050
"48","DE","DE40",2503535
"49","DE","DE50",680924
"50","DE","DE60",1827400
"51","DE","DE71",3976003
"52","DE","DE72",1045571
"53","DE","DE73",1219146
"54","DE","DE80",1610489
"55","DE","DE91",1595913
"56","DE","DE92",2144634
"57","DE","DE93",1707108
"58","DE","DE94",2515982
"59","DE","DEA1",5197310
"60","DE","DEA2",4454183
"61","DE","DEA3",2621383
"62","DE","DEA4",2054619
"63","DE","DEA5",3584133
"64","DE","DEB1",1493709
"65","DE","DEB2",529777
"66","DE","DEB3",2051372
"67","DE","DEC0",993782
"68","DE","DED2",1598976
"69","DE","DED4",1445181
"70","DE","DED5",1036186
"71","DE","DEE0",2222551
"72","DE","DEF0",2889486
"73","DE","DEG0",2150826
"74","DK","DK01",1821875
"75","DK","DK02",834772
"76","DK","DK03",1220445
"77","DK","DK04",1312842
"78","DK","DK05",588746
"79","EE","EE00",1319863
"80","EL","EL30",3757416
"81","EL","EL41",211978
"82","EL","EL42",341093
"83","EL","EL43",633703
"84","EL","EL51",48
"85","EL","EL52",1876632
"86","EL","EL53",269239
"87","EL","EL54",334428
"88","EL","EL61",722193
"89","EL","EL62",204621
"90","EL","EL63",659543
"91","EL","EL64",555781
"92","EL","EL65",576793
"93","ES","ES11",2704602
"94","ES","ES12",1028044
"95","ES","ES13",581475
"96","ES","ES21",2172024
"97","ES","ES22",644722
"98","ES","ES23",313026
"99","ES","ES24",1316598
"100","ES","ES30",6556002
"101","ES","ES41",2420747
"102","ES","ES42",2036150
"103","ES","ES43",1071134
"104","ES","ES51",7498811
"105","ES","ES52",4952128
"106","ES","ES53",1168702
"107","ES","ES61",8415492
"108","ES","ES62",1478741
"109","ES","ES63",85024
"110","ES","ES64",84781
"111","ES","ES70",2179642
"112","FI","FI19",1380236
"113","FI","FI1B",1654980
"114","FI","FI1C",1156298
"115","FI","FI1D",1290437
"116","FI","FI20",29497
"117","FR","FR10",12210070
"118","FR","FRB0",2570809
"119","FR","FRC1",1626296
"120","FR","FRC2",1176153
"121","FR","FRD1",1469482
"122","FR","FRD2",1852651
"123","FR","FRE1",4062777
"124","FR","FRE2",1928456
"125","FR","FRF1",1891995
"126","FR","FRF2",1321548
"127","FR","FRF3",2324222
"128","FR","FRG0",3772617
"129","FR","FRH0",3326539
"130","FR","FRI1",3432370
"131","FR","FRI2",732274
"132","FR","FRI3",1807171
"133","FR","FRJ1",2824862
"134","FR","FRJ2",3047538
"135","FR","FRK1",1363314
"136","FR","FRK2",6613799
"137","FR","FRL0",5039754
"138","FR","FRM0",338255
"139","FR","FRY1",421001
"140","FR","FRY2",368043
"141","FR","FRY3",276122
"142","FR","FRY4",855923
"143","FR","FRY5",259840
"144","HR","HR03",1379924
"145","HR","HR04",2732060
"146","HU","HU11",1751575
"147","HU","HU12",1262703
"148","HU","HU21",1056634
"149","HU","HU22",986017
"150","HU","HU23",886886
"151","HU","HU31",1135069
"152","HU","HU32",1459715
"153","HU","HU33",1244297
"154","IE","IE04",857527
"155","IE","IE05",1606988
"156","IE","IE06",2375156
"157","IT","ITC1",4374932
"158","IT","ITC2",126250
"159","IT","ITC3",1557643
"160","IT","ITC4",10038666
"161","IT","ITF1",1316341
"162","IT","ITF2",308186
"163","IT","ITF3",5822545
"164","IT","ITF4",4047061
"165","IT","ITF5",566784
"166","IT","ITF6",1956315
"167","IT","ITG1",5027840
"168","IT","ITG2",1646967
"169","IT","ITH1",527728
"170","IT","ITH2",539867
"171","IT","ITH3",4906140
"172","IT","ITH4",1216210
"173","IT","ITH5",4453649
"174","IT","ITI1",3736349
"175","IT","ITI2",885188
"176","IT","ITI3",1531693
"177","IT","ITI4",5891300
"178","LT","LT01",807026
"179","LT","LT02",2009970
"180","LU","LU00",602189
"181","LV","LV00",1934821
"182","MT","MT00",476519
"183","NL","NL11",583505
"184","NL","NL12",647271
"185","NL","NL13",492020
"186","NL","NL21",1151873
"187","NL","NL22",2059992
"188","NL","NL23",412011
"189","NL","NL31",1295633
"190","NL","NL32",2831341
"191","NL","NL33",3680135
"192","NL","NL34",382301
"193","NL","NL41",2528541
"194","NL","NL42",1116960
"195","PL","PL21",3349949
"196","PL","PL22",4500130
"197","PL","PL41",3465417
"198","PL","PL42",1678540
"199","PL","PL43",1004110
"200","PL","PL51",2865549
"201","PL","PL52",948519
"202","PL","PL61",2058585
"203","PL","PL62",1407832
"204","PL","PL63",2295268
"205","PL","PL71",2462412
"206","PL","PL72",1231926
"207","PL","PL81",2105174
"208","PL","PL82",2085578
"209","PL","PL84",1154626
"210","PL","PL91",3026805
"211","PL","PL92",2333735
"212","PT","PT11",3577788
"213","PT","PT15",439983
"214","PT","PT16",2230616
"215","PT","PT17",2833787
"216","PT","PT18",711838
"217","PT","PT20",243997
"218","PT","PT30",254396
"219","RO","RO11",2560555
"220","RO","RO12",2325651
"221","RO","RO21",3219786
"222","RO","RO22",2421621
"223","RO","RO31",2966129
"224","RO","RO32",2301258
"225","RO","RO41",1949980
"226","RO","RO42",1784833
"227","SE","SE11",2307109
"228","SE","SE12",1686923
"229","SE","SE21",856395
"230","SE","SE22",1502975
"231","SE","SE23",2015630
"232","SE","SE31",851957
"233","SE","SE32",375251
"234","SE","SE33",518954
"235","SI","SI03",1091770
"236","SI","SI04",979457
"237","SK","SK01",650776
"238","SK","SK02",1828441
"239","SK","SK03",1340780
"240","SK","SK04",1622964
