"","NUTS_ID1","Country","Region name","Nutrition and Basic Medical Care","Water and Sanitation","Shelter","Personal Security","Access to Basic Knowledge","Access to ICT","Health and Wellness","Environmental Quality","Personal Rights","Personal Freedom and Choice","Tolerance and Inclusion","Access to Advanced Education","cluster","cluster9","cluster21","gdp","ML3","ML1","ML2","ML4"
"1","AT11","AT","Burgenland",86.5297033663872,96.3370514071969,91.7538928769832,82.1491603232814,68.7001367437481,78.8366701331286,70.4840715028169,41.9841801315039,54.7191049025652,73.2619665901471,70.2710241554247,53.0594476819166,"1",1,1,26600,0.312883365246607,0.586293447258449,0.925252401124711,-0.171049861550059
"2","AT12","AT","Niederösterreich",88.4104981199781,96.2761352552676,90.7682773758265,76.8947885602114,62.7970715041801,84.0866701331286,70.3146739182488,43.7308794716069,54.8947722193836,75.431825000434,71.6272876965132,61.0200882848664,"1",1,1,31100,0.513211118532482,0.724383335639943,1.01205664343779,-0.195022114997291
"3","AT13","AT","Wien",84.5222566912009,95.973880379769,79.8975013599767,72.1369209434776,82.5264494802592,83.8366701331286,72.33700503722,31.041721027377,58.115481335519,72.3454343940873,70.5039135476292,99.2024570296368,"1",2,2,43700,0.856662658741556,0.556906984317572,0.145919091566029,1.29297700978611
"4","AT21","AT","Kärnten",87.7682706119558,97.1146816303099,91.5437506665116,84.7580498903056,72.8492307044167,77.9129151284573,73.2725780347048,45.7304009816072,49.4626351981763,75.4642741091221,67.1628091749367,63.3913588754525,"1",1,1,32600,0.181909695842833,0.693880025273812,0.846077708865117,0.155216473262072
"5","AT22","AT","Steiermark",88.1842735180559,96.9827609934686,89.1946231071818,84.3991939968907,73.9091874136589,77.4129151284573,71.6409520683952,41.0330319189371,57.1476603547128,76.0326670149686,68.3174352550962,74.5323817545753,"1",1,1,34500,0.431576721662641,0.7017943201563,0.800473861923709,0.510207594856561
"6","AT31","AT","Oberösterreich",89.6478118893487,97.4873934411542,92.6770134615825,81.8129159426051,74.9866197365917,82.2495252748561,74.6533879208195,43.4509876292512,55.6579494501781,77.9327441710299,67.7561714193458,63.4808209912718,"1",1,1,38700,0.386409392895712,0.893679334401346,1.04652066519037,0.447058694707743
"7","AT32","AT","Salzburg",88.6463426637942,97.0115552055015,88.8275354068209,80.4370691208683,90.7315216411994,80.9995252748561,76.4623877138254,49.636537847869,55.4331037648908,78.2088155985209,67.781506395025,74.0331505842682,"1",1,1,44800,0.501980741498915,0.864157929943502,0.782640174486231,1.22853330187748
"8","AT33","AT","Tirol",89.1379908730981,97.6951877690123,88.2594824829944,82.0128934371336,75.5179870989722,85.4995252748561,76.8342121591613,47.7948350223208,56.0230038072655,78.4103181471854,67.9587286476568,77.5265339656827,"1",1,1,39300,0.628588641232562,0.917804428775107,0.837841344202427,0.748742985369097
"9","AT34","AT","Vorarlberg",89.6281857822259,97.6062991099803,90.9772588676951,81.794168839835,62.6816942847785,81.4995252748561,76.0463159629775,45.4032721359454,55.2324659094867,78.5919719200176,68.0919293972907,58.3647480016249,"1",1,1,40600,0.311902532568501,0.899139558731216,1.12843794264835,-0.0912463861389345
"10","BE10","BE","Rég. de Bruxelles-Cap./Brussels Hfst. Gew.",85.8512993166776,92.543167194962,84.7151059604153,51.3418781093409,72.2819953649512,78.3020691093979,75.1373536500572,40.9035178512878,51.9066568174058,60.4092999606165,61.8704731287928,77.5713082350572,"1",2,2,60900,0.299475929582202,0.589207913672726,-0.289088563119292,0.150320848978933
"11","BE21","BE","Antwerpen",84.9971179946084,93.4873853106866,84.7151059604153,53.3640238882782,79.2781643738376,80.5379922872465,75.9562708366182,40.7845817659422,52.6495299947767,69.9404721232645,65.3348637231418,57.8829152998606,"1",1,3,43000,0.208265030334983,0.587735516491624,0.362962509884026,0.40846289169574
"12","BE22","BE","Limburg",86.5081072096979,93.4873853106866,84.7151059604153,53.3640238882782,86.7228394996081,79.7879922872465,75.8251291129191,46.597108381062,52.6495299947767,70.0225008668881,66.0563644446425,52.7605660060911,"1",1,3,29200,0.180519317476809,0.679352966807289,0.377384079620592,0.635659004665915
"13","BE23","BE","Oost-Vlaanderen",83.9463135245431,93.4873853106866,84.7151059604153,53.3640238882782,85.5595490703023,78.0379922872465,74.4680666882646,44.5997722635744,52.6495299947767,72.0066352512221,66.3593947476728,68.6258303586195,"1",1,3,33000,0.323581402451671,0.473287634500734,0.380797853922558,0.745279011933935
"14","BE24","BE","Vlaams-Brabant",86.2559374197806,93.4873853106866,84.7151059604153,53.3640238882782,82.8917514625122,82.7879922872465,76.8984188760316,45.1718703216639,52.6495299947767,73.0351486907135,67.2540556423337,70.9941380278713,"1",1,3,36500,0.437772291408308,0.709189527030137,0.437113165669167,0.749714120375258
"15","BE25","BE","West-Vlaanderen",84.1873800664245,93.4873853106866,84.7151059604153,53.3640238882782,82.5674879784891,79.5379922872465,73.5408013895299,48.1966718828781,52.6495299947767,71.8784415151666,66.7922951805732,51.8498954304914,"1",1,3,35200,0.224163026548805,0.464658369513984,0.524409068358452,0.435532890008943
"16","BE31","BE","Brabant Wallon",85.8505342506235,93.1182244278958,84.7151059604153,60.7359690562922,59.7651456882019,81.4194804477291,74.642544908864,47.8241990533321,44.9982067934883,67.7396901172356,64.5435520039928,72.3763611242958,"1",2,4,46500,0.226447915839596,0.55962782576641,0.191935931384513,-0.398276016284212
"17","BE32","BE","Hainaut",78.9964873725111,93.4219034765316,84.7151059604153,60.7359690562922,71.6060622303301,73.9194804477291,65.6994704102705,48.9120090797864,44.9982067934883,63.1391265142737,62.8696703301111,45.1400540982071,"1",1,3,22300,-0.103914600476773,-0.136018397129628,0.0944986438694899,-0.447423867492477
"18","BE33","BE","Liège",82.6114299260754,91.7129072296666,84.7151059604153,60.7359690562922,63.5345775715973,77.9194804477291,68.5165934983465,50.4326774201496,45.8870956823772,63.9398668777102,63.0428305032713,59.9854795225074,"1",2,4,25300,0.104639356401562,0.168633101506542,0.0815362725002325,-0.540477620670147
"19","BE34","BE","Luxembourg",83.8616812450169,86.1432882572588,84.7151059604153,60.7359690562922,87.3211419921327,78.6694804477291,64.7770499856037,56.5027396768508,44.9982067934883,67.3276282013619,62.768660229101,49.7084128146283,"1",1,3,22100,-0.0107482224924852,0.140446843410755,0.247882558906237,0.279598867475844
"20","BE35","BE","Namur",81.4316251198521,92.938525844273,84.7151059604153,60.7359690562922,83.5808436617925,76.6694804477291,64.8342152931045,53.1328674455982,44.9982067934883,65.0888813654908,64.4136818741226,59.0851713662,"1",1,3,24100,0.123704254548235,0.0270463059970797,0.0654525226508734,0.253719116382493
"21","BG31","BG","Severozapaden",50.2303341938982,59.5029605972776,63.5459112520458,59.1985985772423,60.0898309932576,48.5472572364689,31.5006838393985,31.8899027064951,27.7772456481067,48.1417625166804,37.1899626287862,17.3273384087948,"2",3,5,10800,-1.80842357770678,-3.36040528322918,-1.21571302116914,-2.11887468798674
"22","BG32","BG","Severen tsentralen",54.6580457269237,75.7893349368917,64.6901567024129,69.0481861515572,66.4979755797676,49.2899055488398,37.5255716869201,34.6087966051405,32.4993563999773,53.0957823678974,40.5031686986571,38.8330285290601,"2",3,5,11200,-1.42634131842502,-2.8192594042759,-1.13238818817587,-1.1028144501409
"23","BG33","BG","Severoiztochen",53.3515370623056,71.0330528197174,62.6531214917803,69.4552265107212,60.7832150887868,50.6942158645289,37.858623846129,39.3353000020685,29.030594597284,55.7035232556601,38.0572000703641,35.9603693618002,"2",3,5,12600,-1.55273205516274,-2.96156477198662,-1.03510888979902,-1.40427677121527
"24","BG34","BG","Yugoiztochen",51.854228951898,74.0696210704855,62.8014038207907,66.9732831979886,51.25450791255,52.9313847792637,36.2770629612637,33.1915264123541,30.0558607717857,46.6078887256231,40.1877048166723,23.4653983665834,"2",3,5,11700,-1.50092319729834,-3.03128236894335,-1.34657954835867,-2.05973301323705
"25","BG41","BG","Yugozapaden",68.7275757871967,81.6099228451556,59.3573106638402,47.8651855206372,85.5439304197159,61.0185331503515,47.9800006040663,20.3222718159786,30.9873483677577,63.1463889043579,46.2468672348133,57.1938820627106,"2",4,6,27800,-1.30952784212123,-1.49773718884915,-0.993453407868086,0.671737484576107
"26","BG42","BG","Yuzhen tsentralen",56.1575256929887,65.7078199703414,66.27493937781,71.3443905785958,60.3316376966235,49.4726665065302,41.432927202466,29.3186180859224,35.18545855775,55.6029916922926,45.4479996308923,29.1650989522989,"2",3,5,12000,-1.41841728064629,-2.62493077156306,-0.746453548183338,-1.70948291065613
"27","CY00","CY","Kýpros",91.2177016950192,78.252686796768,69.882110066341,71.8045392214834,65.2534203049889,73.1195652173913,72.0133928329433,30.4256285522516,35.4077275281406,57.3121077479231,53.9941817481955,59.4078216127783,"2",5,7,27100,-0.896887435079051,0.656555299956139,-0.857483473340762,-0.321379834469987
"28","CZ01","CZ","Praha",89.0547620115497,97.500316367376,85.4318715816511,68.1568339873136,94.339712029331,85.2223087743322,72.4709244484056,34.0888707942866,46.7587175421806,81.8004727780797,66.6858893953569,76.0025802168612,"1",2,2,61700,0.201106238429076,0.817301685557066,0.779318893479555,1.63282883507249
"29","CZ02","CZ","Střední Čechy",87.5967299513318,92.4875918144539,88.2676247711919,73.4550408939423,91.4582668393333,78.7565441442885,63.2346972832076,41.6670501106308,46.8407142878144,76.2622105436541,56.8392712049496,34.8351603312568,"1",1,8,24500,-0.49054886668493,0.349721831440108,0.826332081962531,0.855165452428642
"30","CZ03","CZ","Jihozápad",84.4075394999989,96.2393208725583,88.9753836387307,73.1396979399539,89.5474405077257,77.020191885738,62.5345570385095,47.4439588480423,44.9311656643636,74.8800729876125,56.7187274582895,46.4625136526011,"1",1,8,23700,-0.337380525798941,0.121938407758976,0.669535085768449,0.809543237835742
"31","CZ04","CZ","Severozápad",76.4124709061409,93.4505938229167,83.8365471371966,66.0973978843069,73.2298839354991,69.2869917828595,58.3694847911566,43.131172502764,44.794441415071,65.306549619021,53.4961715624536,31.5418412661537,"2",6,9,19000,-0.629527718112897,-0.58059693968986,0.186296573013103,-0.301876172097963
"32","CZ05","CZ","Severovýchod",85.8947172675009,93.9169424391566,87.4486180151627,75.8029055966533,85.8808975918923,76.4111039089741,64.0773898462649,40.2245464306022,45.0903724168113,72.8659714091339,57.3000540853131,43.1030369875579,"1",1,8,23300,-0.452219681273979,0.25840063255268,0.570177181524139,0.60467907745821
"33","CZ06","CZ","Jihovýchod",86.1144096163881,96.0056598518325,86.4323121215578,75.5663188431472,90.5787732538902,78.5311019991641,64.8025302385838,39.6135950964957,46.0896484293453,75.800567703424,61.7817600438183,59.9107944401325,"1",1,8,26200,-0.120752213684913,0.349208197351647,0.60148254858629,1.07090205329647
"34","CZ07","CZ","Střední Morava",82.8187707719758,94.5838463345162,86.7086861819827,78.1223139133669,92.7374554853898,75.5735108045231,62.390680644225,34.0150055548104,46.259083902936,74.125483685758,57.3820885854987,46.008381954026,"1",1,8,22900,-0.420722082642574,0.0382010871277991,0.567781624541279,0.97074417638253
"35","CZ08","CZ","Moravskoslezsko",80.3720660042469,94.0365946059549,84.1689910125513,72.2138603613303,85.2614673409133,78.1352309106282,59.1060978285787,23.5172935612505,50.1453147448568,70.035478510842,55.3659627872231,48.6147708116934,"1",1,8,21600,-0.330359223809508,-0.183213788070652,0.317501903195521,0.804173303942899
"36","DE11","DE","Stuttgart",86.9051333603348,95.4982311175253,90.5038313003597,66.041368609373,80.1988200555075,78.276653070909,73.8401303888815,41.0937552810123,57.0284529829022,80.6622467290948,68.2088955609872,54.9823824190682,"1",1,10,46900,0.243638548598184,0.672156656059419,1.18467994856995,0.570846750509807
"37","DE12","DE","Karlsruhe",86.9792239663018,95.6157137802715,89.9585538176083,63.990557334276,79.8685872771972,78.276653070909,72.6990455164824,43.4703466524091,57.4214461612218,80.5182179284985,69.3600035407964,54.1149895400703,"1",1,10,40300,0.290492620226748,0.651855768994191,1.19297048245909,0.536500402358656
"38","DE13","DE","Freiburg",86.9110486419699,94.6953552174069,91.6357014233146,64.930268321694,79.2041572704517,78.276653070909,72.4335222075874,48.9866883542539,57.6460348539793,80.7648227149192,69.9407031806554,52.5258661776385,"1",1,10,35200,0.35007748741575,0.632104279981599,1.28631354385327,0.392954779437079
"39","DE14","DE","Tübingen",86.0333937536717,95.3827206845741,90.1951697350368,66.2117823141075,82.4191488090134,78.276653070909,73.405923295528,46.8963129405587,56.955317515938,81.843738941354,69.9634856259201,53.5851019687292,"1",1,10,40300,0.326844426999672,0.60575204564691,1.26270218990507,0.595910567187405
"40","DE21","DE","Oberbayern",89.2817786306565,96.0298802630932,88.7185266485722,71.2682186822544,77.8059618897891,79.462562703875,76.0628508771928,42.2289692122868,58.5342426512524,80.9862896419892,69.3701133291285,55.4009777945381,"1",1,10,53800,0.295161095976391,0.889936858378676,1.17500872188941,0.583486144064504
"41","DE22","DE","Niederbayern",84.9390615910054,93.7363283601826,91.6502254078364,74.8152563238599,77.4517057271401,79.462562703875,67.3119057639255,44.7910446264353,58.0499956761648,80.4946883317724,68.3650216461513,36.8628703800538,"1",1,10,36200,0.18560879254802,0.37391320354356,1.40698236324041,0.181642972101247
"42","DE23","DE","Oberpfalz",88.1514255873549,95.4299762892746,93.6200865446414,74.5125625487471,75.2151049768531,79.462562703875,69.9161959689046,45.9428109336846,58.1710575186552,80.8428344686166,69.6437357617726,41.1730201808606,"1",1,10,39300,0.233764034893156,0.661649583434693,1.4614214653317,0.150219698570217
"43","DE24","DE","Oberfranken",83.0869411591542,95.8280932080044,90.5039579473746,74.0316168796942,76.7639032159272,79.462562703875,68.2768297812078,49.4777589759718,57.5434022690994,79.4734611177852,70.2656102285459,45.5317974840714,"1",1,10,35100,0.385826416718875,0.292685736301737,1.26683231711638,0.193397099613674
"44","DE25","DE","Mittelfranken",86.7125687753075,95.9127388560764,89.751559718166,70.359036562682,74.140798163916,79.462562703875,70.6310695028865,43.5166265379263,58.7070640790523,80.0784238485983,69.1847172781573,46.1894200597211,"1",1,10,41500,0.268903556197582,0.583463076118438,1.26907042887235,0.256620569664237
"45","DE26","DE","Unterfranken",88.0628435992115,95.5369717980461,92.3603006538306,74.5085306996823,76.3372810457754,79.462562703875,73.0771870936837,47.3968416172816,58.448678605017,80.2710740308813,70.3047043040685,47.7667393496191,"1",1,10,37000,0.334159964824464,0.738718959819731,1.33507666837262,0.258360117346694
"46","DE27","DE","Schwaben",88.706069930429,95.9847807059042,90.7229811094624,74.1344544826391,75.925747454457,79.462562703875,72.2366532830368,46.5120598690321,57.5365177654638,80.7274894235959,68.7440236736048,41.302775997428,"1",1,10,36200,0.171790739079203,0.742809623575359,1.33742012652836,0.275197767320876
"47","DE30","DE","Berlin",83.6414416736935,95.8629017993735,84.7862571307367,61.9706479922168,78.5580020698397,84.0910475538528,71.7347951501468,42.8038686148464,55.4234472308026,75.7758131095482,67.4128877589456,68.1043586157887,"1",1,3,38400,0.518437060218146,0.428560278466431,0.665534396929294,0.692837712637541
"48","DE40","DE","Brandenburg",82.102298979632,92.2464107547591,90.3852076452819,74.6402710046205,75.0227069610799,75.5828420814446,66.4901483887114,51.3995553197173,56.5123476718866,75.3230312055177,72.0625174706901,40.5214756527425,"1",1,10,27000,0.324907303946871,0.161965244709555,1.12489377830481,-0.226355542103049
"49","DE50","DE","Bremen",80.2485180094072,97.4601564698742,89.919202671141,51.0143426384743,83.7892215000578,85.6362572884417,67.7233823051174,51.5716896378874,58.7821075231953,75.0167076513733,70.1848353903515,60.6880041642258,"1",1,3,43200,0.810107120750697,0.155235349265196,0.87465466233451,0.629624779543506
"50","DE60","DE","Hamburg",85.7334778673874,95.7185958967977,84.9674755043124,70.1712664357342,83.5166651072583,84.4441687035962,71.2101129638942,50.8928358874509,61.6558096731083,80.327699103652,73.3026395171835,68.0604845883388,"1",7,11,58100,0.831317543355602,0.585873995744506,1.01417557747752,0.958620971025723
"51","DE71","DE","Darmstadt",86.9301556932176,95.3574683254136,90.1182648945362,63.6794299845449,73.8452152295803,79.835396396616,74.3136848723334,42.3686510298148,54.8188747773947,77.0867283172815,66.6061284710716,57.4517790946018,"1",1,10,46500,0.24081272002736,0.67383706461258,0.963737383877311,0.273499551176585
"52","DE72","DE","Gießen",84.5522270182539,94.9447327013128,89.0156038339407,70.367220050914,75.4096345855643,79.835396396616,71.4355164053151,48.4269355276168,54.3891191921796,77.1368570589775,66.8320253147441,59.63616552948,"1",1,10,32000,0.341528097627436,0.434937930752602,0.928024540968871,0.305874478905192
"53","DE73","DE","Kassel",85.7408431230163,95.2439101587769,93.3602285680637,68.1464879539383,75.8196297335507,79.835396396616,69.4271659862259,52.6586091733284,55.4817958374854,76.0596897703661,67.6372500905375,50.6458683943658,"1",1,10,33100,0.351086417875205,0.473457973979171,1.0887654676923,0.101271508473204
"54","DE80","DE","Mecklenburg-Vorpommern",79.3819664968784,95.6484267682754,89.7066948478203,64.2711961731816,77.4425481977761,77.8860008007382,62.8177640767658,61.4608187523812,51.4116289381011,72.626076390719,64.4646423691736,44.2155306088451,"1",1,3,26400,0.241448208929851,-0.158533362296671,0.799912470350804,-0.0255069736045279
"55","DE91","DE","Braunschweig",82.8290976425959,94.1428028524277,91.6589210918454,73.9568444849615,78.7562508735115,84.965405391965,68.7073232437946,55.5876810080041,59.481969007172,77.3495234733932,70.6205002494499,46.0797123555012,"1",1,10,43600,0.650531240670892,0.313198069264,1.20450787508934,0.207940788110639
"56","DE92","DE","Hannover",82.5353444100147,94.6277894253893,92.5726342733521,71.1866643581207,76.3569301554135,84.965405391965,68.0808370526448,54.1125226914086,59.3184593871153,77.6196125954525,71.4757613452106,43.4727997569974,"1",1,10,35600,0.640805231853541,0.288918527698848,1.28624757684792,0.0593086138332564
"57","DE93","DE","Lüneburg",82.7376303287244,94.1788307338978,90.6853845415073,71.0715940670558,77.588039846423,84.965405391965,68.0540249345086,57.3876079590705,59.9227926351352,78.4069900968756,71.2697450640296,37.8192445636113,"1",1,10,26300,0.595534801965094,0.286132638535476,1.31374158275839,0.104977579804941
"58","DE94","DE","Weser-Ems",82.9114961662498,93.7337537048164,92.4364287375007,73.3228955711493,77.5056739572619,84.965405391965,68.3773675723616,55.1241658741273,58.8162026056311,78.7293886940937,70.5504574027577,35.3263864841089,"1",1,10,33000,0.512369689352189,0.304180883478371,1.3820913083706,0.0385998756735257
"59","DEA1","DE","Düsseldorf",81.8063005931562,95.1258606309022,88.7924629968558,66.3399274047771,79.2829589368229,82.9267533299891,70.5780576511108,42.7383753845678,56.9207140525478,77.4795998745661,67.7608155614487,48.8594469414416,"1",1,10,37600,0.386836462754864,0.282823458124334,1.02893762934184,0.403044650101651
"60","DEA2","DE","Köln",84.6821820705383,95.0969919135666,89.7639401379398,69.3640569978411,81.4003303288774,82.9267533299891,71.5082006881747,45.7691290016117,57.1673618707992,78.3087629489103,68.7437302070981,53.9893487185699,"1",1,10,38200,0.447472871149318,0.495254784285748,1.06540177604416,0.554199177597014
"61","DEA3","DE","Münster",84.0126697555991,95.1421437441373,92.0319045871741,67.7983364532145,81.6370139184207,82.9267533299891,70.4700007219606,45.8034909307072,56.5601487331077,78.2661617279092,68.4357600048922,49.4151289441141,"1",1,10,31300,0.406795084425776,0.428699110271959,1.1567084297008,0.444649963428833
"62","DEA4","DE","Detmold",84.3534507069224,95.1612157926358,92.3396799885146,71.638383503825,81.762042024597,82.9267533299891,71.2304548756859,50.9627604239108,57.2300454675797,78.19465991929,68.7100548938842,47.1641407833108,"1",1,10,35500,0.446097056343641,0.462514750269013,1.18438659023996,0.395936748214227
"63","DEA5","DE","Arnsberg",80.6633665417401,95.1492503883746,87.9034540782301,66.3541973035358,80.1912913825928,82.9267533299891,67.6757695283146,46.0062808605474,56.4834276086953,77.3696196990503,68.1820760874369,48.8935275616256,"1",1,10,31700,0.429606057265483,0.131770369472379,1.00998320791391,0.420080728838538
"64","DEB1","DE","Koblenz",83.6833005748193,96.2560719783647,90.8034599223014,80.4164562340425,73.4569291262251,81.582764696629,69.0927389801882,49.3417676403757,59.3888626835224,80.0026608074947,71.1903819982571,43.8440196126291,"1",1,10,31100,0.472977875513957,0.370637923598971,1.354570095019,0.0932452569916394
"65","DEB2","DE","Trier",84.4996278078735,96.2599153430072,91.2883840912699,76.7127377698691,76.109737968724,81.582764696629,67.7497374136226,53.1591763305049,59.4110369922278,80.0274363619062,73.6190818500199,46.8912312195378,"1",1,10,28000,0.590829605068156,0.405166829705956,1.37309193308229,0.172767898328245
"66","DEB3","DE","Rheinhessen-Pfalz",83.7711918426575,96.6359401613937,87.0749309420942,76.595770612703,74.2391683896658,81.582764696629,71.1871654795296,45.4978901110701,59.4412675814653,79.456097670462,70.8921876890455,49.6714934490034,"1",1,10,33600,0.470649601002328,0.430402863309664,1.15419843994623,0.303632773716537
"67","DEC0","DE","Saarland",81.2403324026603,96.2726343527731,90.0781521878806,67.2603139256307,80.8756566406555,80.8501226162512,66.7302525400053,48.0205478064273,57.7073801942558,77.1105595437038,69.9282554607759,43.0114394982335,"1",1,10,31700,0.423436450799633,0.155952069598735,1.12767814911479,0.309752680778184
"68","DED2","DE","Dresden",85.4228060694756,97.9610319935455,89.9463529416618,65.0880792589334,83.1061802394194,75.0838031590956,69.8917414521945,44.7584074021913,52.4647239872874,76.425237791285,63.2592438981362,54.1420531257983,"1",1,10,29300,0.0074743394201351,0.428761976879388,0.846646574503055,0.629999303313405
"69","DED4","DE","Chemnitz",83.3673218083781,97.2201425290913,88.2162914331619,64.946557540479,82.9683712194078,75.0838031590956,67.2743563833441,50.2853537982591,52.6300390943426,76.6572979509366,62.5517008118004,43.1109525987792,"1",1,10,26200,-0.0543006283523462,0.204987666696773,0.900055710778256,0.49852445412255
"70","DED5","DE","Leipzig",82.9735104242634,98.0599140579214,87.4921598564946,59.2031151615965,81.971104914867,75.0838031590956,67.977325357708,49.4114625105844,52.6141422293378,76.1477055960162,63.2522639947725,54.5489271657369,"1",1,10,30700,0.080099013839302,0.207619490094067,0.775207724189499,0.587836302193142
"71","DEE0","DE","Sachsen-Anhalt",78.485632445955,95.9063801240988,93.0054412609387,49.4870691930628,77.1788572464859,78.7788679668191,63.1210115049009,53.8184031365369,47.0758529069811,70.0909043242527,62.1657364660177,40.0154631703827,"1",1,3,26400,0.0500094805915804,-0.196908945187879,0.725403147450939,-0.19974076784554
"72","DEF0","DE","Schleswig-Holstein",83.6241606802587,94.7352763421441,89.5173424300202,68.7916807770782,79.7881753151593,83.3716400986693,70.3721387020045,59.0991955866178,52.8261703455459,78.8237694634219,71.6724702916189,41.1913831121858,"1",1,10,30900,0.423248467319482,0.38332737137975,1.20380776134012,0.154129359759246
"73","DEG0","DE","Thüringen",82.0598726543415,94.6758191318724,89.5204395477405,72.815787557979,80.1008212823386,75.6217426592402,66.7567463632828,54.3721628596088,58.6446313317743,76.9408062053228,68.822348860695,46.3781056965775,"1",1,10,26800,0.361585528796177,0.149011904188783,1.08173623721569,0.244385573158928
"74","DK01","DK","Hovedstaden",87.3591672093435,97.8087845530258,87.4906653323825,75.2431617753034,75.0189117428815,94.1433407826375,74.9509802350986,64.5885593468919,66.299935312335,81.9326842303781,81.5315283390322,100.269638497206,"1",7,12,51500,1.80662334466312,0.884356536232589,1.1080569158322,0.922760898648126
"75","DK02","DK","Sjælland",82.4982232926078,98.3405356300831,89.3651926852308,79.9070941803704,77.6283714419509,92.1223976803873,70.2266362728746,70.0168543341844,61.0844993169744,77.6855026275737,75.6515637859692,82.7024341961306,"1",7,12,27600,1.47404901944014,0.395478370059994,0.957817804687649,0.634253688511073
"76","DK03","DK","Syddanmark",86.0421441245624,98.2102457341989,91.1682227331941,83.0234030329411,80.9929212951751,92.4007850695046,72.6542117315096,67.5166639417421,61.0186114026661,80.1938185360712,79.408605617417,89.2017621531198,"1",7,12,35700,1.55894025884072,0.723350910253688,1.1134591090876,0.841494321848653
"77","DK04","DK","Midtjylland",87.8562270982148,98.8147951989362,91.7709312355146,81.8746502153791,80.753548895903,93.3570754820586,73.9769828393416,69.3804274949374,61.1282202849835,81.5273184939507,80.826211720985,97.5478643036574,"1",7,12,37300,1.68589549960353,0.886899801042549,1.15438092936684,0.951184985338488
"78","DK05","DK","Nordjylland",84.7673652345213,99.1186254902493,91.0787001647413,81.9058107108916,79.9030340623183,92.6457945655317,70.4732585291935,72.0561801000086,65.432411923013,78.1582754762484,77.8039368099872,92.6990739810768,"1",7,12,32900,1.73725845827869,0.579113754698562,1.00511979542082,0.873548674611612
"79","EE00","EE","Eesti",65.6143079303868,93.0443543515972,87.3404629067431,73.4605244554195,81.6950373030702,82.8260869565217,55.3052423447005,76.728932699031,47.6302203135087,69.9752184683491,49.6179758753805,81.9542932698912,"2",8,13,25800,0.617053772592302,-1.36142609826068,0.137618059326887,0.50396998597474
"80","EL30","EL","Attiki",71.5974036012562,93.0607459003581,66.701614801421,55.5250442724998,80.8398614711423,71.3100118830009,65.899247701986,9.71510298297794,43.4460342727038,51.228934207124,48.0718404858793,64.0536678935753,"2",4,6,25400,-0.6369310190772,-0.658931046260125,-1.46219112889588,0.663250861090906
"81","EL41","EL","Voreio Aigaio",70.9346284281968,81.7783255169087,65.9056304359115,74.170538483479,72.0352724940533,59.1384398245812,63.7973511110256,39.286400223298,32.4099940978351,45.114696948865,44.4879331132578,49.5945384117275,"2",9,14,12200,-1.1529053642674,-0.983994801109717,-1.72050631912855,-0.627002825339559
"82","EL42","EL","Notio Aigaio",71.2175950291232,83.5424246419962,59.00585876921,72.742759041851,50.7249900900477,59.1384398245812,62.4817592098617,31.9250649550444,33.6932847252896,44.1508170196781,39.739039419748,25.6399540012521,"2",9,14,17500,-1.60423060015038,-1.05596913574226,-1.73734501107408,-1.39410272182209
"83","EL43","EL","Kriti",74.2118768211844,86.6434286893111,68.797703172764,72.2249809045568,73.6533548211373,59.1384398245812,64.4708049244366,38.2439874327051,32.1802910184325,48.2826302226032,42.1803081810598,50.5604304727219,"2",9,14,14900,-1.27031411925574,-0.750220269526822,-1.5379707535078,-0.329974691713399
"84","EL51","EL","Anatoliki Makedonia, Thraki",65.934076053647,85.1267273826221,65.4119987364782,81.768980458099,59.9666559148168,60.456703938311,58.2666640215311,26.3510353632177,32.8733746020269,48.2086587092436,38.4341307171162,53.2261183450384,"2",9,14,13100,-1.27887404677793,-1.46427449448773,-1.59819560202841,-0.775566448393241
"85","EL52","EL","Kentriki Makedonia",71.7948567859336,86.9217788353077,69.0780979509432,75.2522776681197,75.6598024644726,60.456703938311,64.9555525888573,12.5273134589541,39.5779342003143,48.600915168211,38.0896951836253,53.694639257206,"2",4,6,14600,-1.30887410494005,-0.847055579485212,-1.55807048463632,0.0914294556762208
"86","EL53","EL","Dytiki Makedonia",69.5709982632904,86.365093644553,64.4581597912015,82.9400959637325,65.8416733297502,60.456703938311,66.1500992219816,26.3709720257178,38.9329288335581,44.0714330770673,36.2095423313658,52.0123946179393,"2",9,14,15500,-1.24347400016653,-1.02219130349647,-1.89403839766184,-0.414969844103128
"87","EL54","EL","Ipeiros",74.7804443415511,85.778198614586,65.0785792245994,82.6710334057941,74.2708455580574,60.456703938311,64.9907395703288,34.5803617700195,39.6177160611563,50.1625888016841,38.5295524143747,50.3140435820096,"2",9,14,13400,-1.24462392517874,-0.72035534979953,-1.53534888299256,0.0388352979384391
"88","EL61","EL","Thessalia",77.1203412435435,86.961253140478,68.2513978691895,81.3382873216155,70.3259770269552,55.6974131253819,65.2344758971861,24.3974344538843,32.5204762132428,47.035956066182,35.3143177660753,44.2767034361428,"2",9,14,14700,-1.74909953993887,-0.590934806417199,-1.65159685045978,-0.306799683288197
"89","EL62","EL","Ionia Nisia",72.4202898861288,88.6384187753292,65.0034961748408,81.3116829972211,76.3043638126129,55.6974131253819,62.2410628330713,36.426192787346,32.5412807121217,43.7969077132094,35.9116022319248,44.2506600132661,"2",9,14,15500,-1.54790231628094,-0.973176641472841,-1.93111611959092,-0.159608161804773
"90","EL63","EL","Dytiki Ellada",70.3666722570368,86.0382151924647,58.7140107580922,78.5545971864788,67.8602091278716,55.6974131253819,60.6736088186259,31.4914649387685,34.7695039272677,47.6044009789271,33.6521905283347,48.471446826549,"2",9,14,14000,-1.59609131418588,-1.19469845940604,-1.89093517067185,-0.199846024053113
"91","EL64","EL","Sterea Ellada",74.1394906246427,81.2955048330852,71.0683293002888,79.9871036559351,49.7433654683836,55.6974131253819,60.9757088920714,29.0144083028207,34.8128528786097,45.5147092297493,32.3861430731175,34.1395059725782,"2",9,14,18400,-1.7694874391543,-0.962524667070851,-1.43974122653981,-1.47601362485297
"92","EL65","EL","Peloponnisos",74.2647339735727,85.3268980136837,68.4761323011038,74.0880167242546,60.0597703683969,55.6974131253819,61.2880875087003,36.8091906186447,34.2436233368063,46.3851883453976,33.4722537946407,29.5671017289506,"2",9,14,16200,-1.75498636199751,-0.932367208171087,-1.49698050860014,-0.987845561722527
"93","ES11","ES","Galicia",88.6905569322684,88.4927419085366,80.9059515493324,72.2882319384637,63.458858041154,80.3711788353284,71.9667657795317,56.5782094819111,50.1657854079951,51.2755441410766,66.6442714833486,60.5202978271295,"1",2,4,22900,0.369755321630887,0.684717435932626,-0.622238802500431,-0.718797035206232
"94","ES12","ES","Principado de Asturias",87.3925009776338,84.1434392777679,80.5838592261467,73.1716316666083,65.9641969650806,81.3711788353284,73.0548444357004,53.2100603877807,51.594102359514,51.3249639271196,67.8269056818058,59.3770590013081,"1",2,4,22100,0.433003354840237,0.636521236341799,-0.596603602242125,-0.725115122919313
"95","ES13","ES","Cantabria",89.9360904054748,76.3771100088727,87.4680399555433,74.810984305894,68.7899004116311,83.1211788353284,78.0572376992805,59.7778103913929,48.3732218261399,55.3102535080901,67.0097158256123,63.3771589101413,"1",2,4,23200,0.433308149946223,0.886050179018393,-0.248961099799727,-0.859234298291399
"96","ES21","ES","País Vasco",89.1342031322245,88.2641881765794,85.2334393403179,82.630217304081,79.5016942430418,79.6921773315204,77.0661735142332,54.9917909816629,54.9324739114467,59.2167899880797,71.8800227087302,70.3194178488597,"1",2,4,32000,0.663517241333455,0.903520034102434,-0.158592647899555,0.0547691330140838
"97","ES22","ES","Comunidad Foral de Navarra",92.0157649449738,81.8731720537634,86.8168118145308,84.2472569384066,73.4895792437242,82.4421773315204,78.5670488927622,57.40147836964,55.4597849610971,57.3915865766278,70.4902873058827,69.1278489055205,"1",2,4,30400,0.672760496539122,1.09648718965369,-0.155823106194437,-0.338126285372757
"98","ES23","ES","La Rioja",91.200997782741,78.8055199037198,88.3819311730191,83.432671072529,61.2179860193169,80.9421773315204,75.3773468061996,55.5866243691904,54.6049404392495,57.8242934312996,67.8148028295669,71.5614095314494,"1",2,4,27100,0.570406197310709,0.909575779513554,-0.0516414882380346,-0.888475187969573
"99","ES24","ES","Aragón",91.1979358028569,85.4538527651892,85.4734491611736,82.6001821617336,65.1859520283499,81.1921773315204,75.9653516858362,50.4600379139201,48.5091014413202,57.7560260747678,66.9771457575491,66.7269795425642,"1",2,4,28100,0.308549022201899,0.949337875746217,-0.216069047271838,-0.585973743466304
"100","ES30","ES","Comunidad de Madrid",91.7278157722949,94.0097329371324,82.594864409953,69.0031600633281,72.6901619252616,84.7820062826202,81.6851323499149,25.8781969952389,52.2106440427448,55.9590705688643,68.3496378154493,75.361847881455,"1",2,2,34100,0.402146230633478,1.26380216969442,-0.528563081483535,0.240073758196553
"101","ES41","ES","Castilla y León",90.2478290484977,85.7019414187256,86.3018427582385,72.8636435308011,66.2368596202636,77.4799663415084,75.1962324004304,53.7933019884235,47.7096828037392,52.2986063352374,62.2629025066857,64.1449567321287,"1",2,4,24200,0.14118736044976,0.81859702427633,-0.532410974318646,-0.696377259681178
"102","ES42","ES","Castilla-La Mancha",90.586892345774,86.801322694083,79.2588577595074,73.1479657965086,47.9502768255313,77.2299663415084,74.9810327110005,39.3570148558975,46.1738947879109,48.8321129065744,60.7045144225112,49.1914268281661,"2",5,15,20300,-0.247513063905894,0.820582249704129,-0.755430238509188,-1.38611039221752
"103","ES43","ES","Extremadura",88.7618371796668,88.6789549762907,74.1683770772121,74.4803563796959,49.8394226741419,78.9799663415084,72.0222333287194,46.2878242752158,49.8201617752283,45.7835888955655,62.4996735982767,51.7916923671118,"2",5,15,18800,0.0324329912732567,0.649651726367217,-1.03330674838541,-1.19429001328076
"104","ES51","ES","Cataluña",91.0190217925039,83.5143690234952,81.0305180730092,68.4731688781143,61.0297655327656,84.1021889638949,77.1640992459388,36.5790136380249,48.1933570259488,53.6653900040847,69.7150636156278,62.3276611081356,"2",5,15,29300,0.280430535278046,1.02045012496641,-0.477859449239133,-0.788595233346141
"105","ES52","ES","Comunidad Valenciana",89.3080357811588,91.8948303556529,79.2212898646154,68.9695404048571,56.5117059719443,82.6021889638949,74.9391048591762,45.1194049556607,49.284132314184,50.641239623011,69.3122961666007,65.6341064767368,"2",5,15,21900,0.415678418867761,0.860574405526889,-0.711888358959088,-0.821122960381234
"106","ES53","ES","Illes Balears",91.3839994580631,86.9086411196433,74.3361057853521,68.2082084271847,41.1617624164197,84.1021889638949,77.3573681347645,52.9628768917077,48.3581559868489,51.1013373568163,70.1487754781215,49.1243762930294,"2",5,15,22700,0.259826723375396,0.993947130252032,-0.607547160734165,-1.63912485194137
"107","ES61","ES","Andalucía",88.712998599214,80.3246142615725,76.9615344764333,69.3359051421392,51.3609861063571,80.210880521194,73.4855772411632,31.0589999931427,45.3401517632699,42.420573645169,63.4634924465083,55.0150939818883,"2",5,15,18500,-0.078973843984652,0.704020004440935,-1.16050810423965,-1.4408921377342
"108","ES62","ES","Región de Murcia",90.335944266066,93.1033477542928,75.1739129977522,68.0740577110213,50.8408884389311,81.960880521194,72.8973238228466,39.3033703804464,48.5461256439874,47.6953907134253,64.4990120661225,62.4196303112378,"2",5,15,20800,0.149128140316444,0.838759808577335,-0.993663456525844,-0.879477227316403
"109","ES63","ES","Ciudad Autónoma de Ceuta",85.2804732131163,93.197408908191,68.0489512164826,69.6985427774395,46.2546639478707,84.960880521194,72.1204939940536,35.7400052207833,38.4595944472153,49.1043500607859,65.5258797544436,52.149832751511,"2",5,15,20900,-0.102423623660491,0.487708854664081,-1.08712080349192,-1.16221606184311
"110","ES64","ES","Ciudad Autónoma de Melilla",81.781841192391,92.8976648334401,74.1480823837915,66.5628582405199,40.8657157461016,78.960880521194,77.1511695050506,47.5124095697305,38.3784764253359,43.9589287462426,68.3298564114988,57.5530312391411,"2",5,15,19000,0.123282572879114,0.371509285139081,-1.18812575473611,-1.88534788301781
"112","FI19","FI","Länsi-Suomi",83.2657971019325,98.8252269539253,92.2302652540847,78.271366952615,88.0637843599953,88.4615133182805,72.8822814790809,80.8051384797803,66.8771759370678,72.6159942683884,79.4056051276732,96.0907852118807,"1",7,12,30400,1.90025196205921,0.541064841265145,0.694558195428874,0.939917889221804
"113","FI1B","FI","Helsinki-Uusimaa",87.2029798734383,98.803084731438,90.355946125053,73.3772516083662,83.4365020394066,93.8347473918006,77.8990735159696,74.8190586921738,69.6274993718486,78.8180394446363,83.6517501230764,96.3596024161817,"1",7,12,44200,2.02884479501984,0.975750888990776,1.04414084545282,1.03703189339109
"114","FI1C","FI","Etelä-Suomi",83.7152872136963,98.7074792370435,91.3157478368372,78.861676081929,83.8219237789774,89.8002612125577,71.7075148865858,79.8253433178615,66.2987907392626,73.2569628494607,76.064450998732,91.6855432763968,"1",7,12,30400,1.75465247583073,0.51207924875647,0.718971472163542,0.848522864726793
"115","FI1D","FI","Pohjois- ja Itä-Suomi",83.6813637377047,98.3873466347589,90.6998462408004,79.5265705174417,87.8967649810689,88.3840872931484,70.2642869537588,81.6754019318505,67.1681228553749,71.7599093861974,78.3219183905763,93.5309733839237,"1",7,12,28700,1.84486029899572,0.487012989976074,0.629385603956073,0.955428767953222
"117","FR10","FR","Île de France",85.5997496578534,92.9450224255204,82.0084907199057,47.7773444390614,77.6486139453073,86.7152824978232,76.0766654955852,43.2092603033351,55.1262304631529,64.6174771514163,65.8796066914269,88.2018863116348,"1",2,2,52300,0.761853567834622,0.669825539535418,-0.173981096483485,0.699386990473475
"118","FRB0","FR","Centre - Val de Loire",83.8971265356949,93.4205875491466,87.9868699386038,71.4608911690791,74.4081916674115,78.1709736271678,67.6264347660253,59.2949376039504,53.3160749540091,62.5329000647734,67.1528371149858,73.173392000194,"1",2,16,25900,0.621579707357846,0.288457105078611,0.0560610020531249,-0.0230639997581036
"119","FRC1","FR","Bourgogne",81.339824326758,93.0573240159684,86.7304538086499,71.1215731778034,76.0259084327189,79.4209736271678,66.9679195660214,56.1927241532548,54.419791547623,61.4882209748474,68.7854745310702,74.9054880250713,"1",2,16,26100,0.755931695707132,0.136947929837364,-0.0256601888260908,0.031106387384148
"120","FRC2","FR","Franche-Comté",82.6900972204591,92.9712807288145,87.7546060088796,72.0235990486869,75.2241003629288,78.9209736271678,68.0172896467172,53.8634775279053,53.3014301766287,61.4988451920662,68.4428151468337,75.1620187845033,"1",2,16,23900,0.675459561741323,0.248592225451122,-0.0113128707851538,-0.00930881547376555
"121","FRD1","FR","Basse-Normandie",83.6850457338499,92.3180802583202,89.1829529424056,62.3003559629907,75.7971821972254,77.7994562967361,66.4098067222122,62.2697517482827,55.6437302569014,60.791350110974,69.8457404942285,69.2732618064957,"1",2,16,24500,0.748864144891912,0.264188885379849,0.0813891125824846,-0.146700848184856
"122","FRD2","FR","Haute-Normandie",82.4619000794071,92.5665418259777,84.7984269176395,59.6673703281537,72.6295303481741,80.0494562967361,65.9424784624988,56.8651371287303,55.9240727147805,59.6575774052588,67.0329972054363,72.2022398952398,"1",2,16,26000,0.71567218531155,0.165590147179232,-0.142106706920077,-0.0532372429235572
"123","FRE1","FR","Nord-Pas de Calais",82.1208298292287,93.3694151982689,86.6727457668544,62.982333013959,70.8448881849317,79.1814083111977,65.6606543106634,50.8299157831363,57.6909671009586,57.0916666475828,68.0249357654858,77.2153420020673,"1",2,16,25700,0.80508647767282,0.167408243735425,-0.23174870197326,-0.138584703734546
"124","FRE2","FR","Picardie",82.8917371622182,92.9394694991884,83.5979363427409,63.9230661047961,65.0933055396435,79.1814083111977,64.1852768789873,53.6138923817211,56.1007474461844,59.5804157240773,68.10075174776,58.0576702525387,"1",2,4,23200,0.540784868786589,0.147832132849176,-0.0186849162755139,-0.475050308332631
"125","FRF1","FR","Alsace",86.3504172217737,93.9196124140235,90.7999373192563,65.7981215167972,76.017234194463,78.9314083111977,73.5726129686352,44.5029506087769,57.9947353219447,61.2035087273105,69.1995136658081,82.4691049746048,"1",2,16,28700,0.767386600975693,0.669595747143538,0.0131507544869807,0.185733326735745
"126","FRF2","FR","Champagne-Ardenne",82.5642088212982,93.4100742724978,87.8043248033725,62.4004989551034,69.1579356226953,75.4314083111977,64.1176721938625,54.3462713009558,57.4730108614368,58.5639896480823,67.49776054788,68.8559995895187,"1",2,16,26000,0.631765241445965,0.12022554796283,-0.0532292379660402,-0.333489404326558
"127","FRF3","FR","Lorraine",84.8322081843181,93.5763825753674,88.3850661393468,63.8702845689632,74.7077842483353,79.9314083111977,67.6657398292653,51.9679882484446,57.0833159542175,61.0498382274118,69.6385700680523,75.8290780616629,"1",2,16,23000,0.783691799157481,0.406253093610589,0.0244306273308309,0.056647269642461
"128","FRG0","FR","Pays de la Loire",85.9036372548114,92.4963469795995,92.2571750425342,60.8757615468076,78.447378159785,84.5494562967361,71.129037805721,59.360072573276,57.2367577074529,64.0967943489498,72.2470124196611,84.3326755601955,"1",2,16,28200,1.09716876579628,0.596225337142998,0.245063909329373,0.210541166372751
"129","FRH0","FR","Bretagne",84.6829439160468,92.5883421735774,91.1667600388762,61.524268982485,82.5015536797578,83.2994562967361,68.6777916502444,63.4449761579695,59.411584623483,65.0317762085144,72.2379022428411,86.6256863128837,"1",2,16,27200,1.18453523500648,0.444782879040171,0.253441999714132,0.436641547919058
"130","FRI1","FR","Aquitaine",84.9373314153117,89.0165425960048,84.8678720094065,72.4423047425047,76.5325493358787,84.4866066184044,69.0552173238301,58.0560230921524,61.347391062836,63.5982070524624,72.3883338012731,84.8404520578913,"1",2,16,27400,1.15355888000548,0.456893231228951,0.0693918289317804,0.289505712691313
"131","FRI2","FR","Limousin",84.1146482471198,94.8798475158977,90.2123226160844,71.6358154859506,80.1985849762778,79.7366066184044,66.4275431587004,62.2564250429618,60.2559515084697,66.0358275896612,72.0546040247919,81.6924105832369,"1",2,16,23900,1.0561235971801,0.336309632910068,0.328388351062329,0.370679315059583
"132","FRI3","FR","Poitou-Charentes",83.8755470659201,94.8148384192223,90.7371189008361,72.8276187834904,73.9497269483596,84.7366066184044,66.041347176487,60.0918942253464,59.6570702604523,62.0645053678213,67.7037685415873,74.683574115264,"1",2,16,25600,0.987019039562383,0.309628199744832,0.164150486391691,0.0820389488302268
"133","FRJ1","FR","Languedoc-Roussillon",81.50910636439,87.6200394537025,82.4744640561986,68.0320383378655,70.1844225995351,82.3939380721267,67.8085292845444,50.9375818445309,55.5603417566484,58.4019921324667,67.5088620698908,79.7352488370803,"1",2,16,23700,0.802943135159898,0.153366352584004,-0.302906697515734,-0.139841295885251
"134","FRJ2","FR","Midi-Pyrénées",85.6465438668622,88.2637631735471,89.5446155910159,68.0727460661094,78.2720988357484,83.6439380721267,72.2505077477346,56.3343790786713,56.5615567239666,63.960671579438,69.248469539743,92.2419497537439,"1",2,16,27700,1.01486258847277,0.559391702507549,0.072341988956626,0.305183405582316
"135","FRK1","FR","Auvergne",84.7519390898684,93.8993731835681,91.1816661147892,66.8687171732194,76.2110460206695,81.0983604706881,69.7551975617388,59.2662093509795,59.7473598085719,63.1285305960136,71.8055898354795,77.9085009008222,"1",2,16,25700,1.02008494947063,0.471233046710904,0.231033717591142,0.0795861434941813
"136","FRK2","FR","Rhône-Alpes",87.503364768697,88.9718287973323,89.5254614090484,66.5702066792007,78.3126380352612,87.3483604706881,73.0892069420294,43.3703067648438,60.4755932381454,65.1146652251568,71.2794720703572,91.1740734096578,"1",2,16,31600,1.09161750138042,0.771013500395968,0.185619112316233,0.49542009869284
"137","FRL0","FR","Provence-Alpes-Côte d’Azur",83.3555282088864,78.6528748447691,83.3133007693671,64.5039644019463,76.6014135549155,82.8236904004014,69.918073051818,36.85409165489,57.8912460510686,60.791633106418,68.2827504070725,76.1367949262739,"1",2,2,29200,0.680973264858319,0.331947504885691,-0.108811003122139,0.026868997342267
"138","FRM0","FR","Corse",82.2615206829304,78.6512757155994,82.7620248164794,71.8171358842849,56.6552733563541,76.5736904004014,66.4251955597133,53.5824834761668,55.1228015538409,61.8562392526092,67.2564884685168,53.1619618052469,"1",2,4,24100,0.347552303247719,0.0579077948671419,0.190428185480239,-1.19051110683071
"144","HR03","HR","Jadranska Hrvatska",77.9297930904358,92.6943647569793,66.7842753629578,84.5948476557242,84.5818717982915,65.1261642763024,58.4426571619619,43.199171195912,36.9897319386502,49.5908623294529,37.7806951423457,35.1937446596664,"2",6,17,17700,-1.32726546713147,-0.636581289841285,-1.47752546809278,0.478402486970943
"145","HR04","HR","Kontinentalna Hrvatska",76.4833955550332,78.0088781784127,67.8903343231939,74.4587302851741,78.4165267008655,60.2416314504013,53.5127148377537,27.2708035385394,34.3457402619615,54.9101093502646,39.1438189681206,37.7516792943123,"2",6,17,21800,-1.60112929330881,-0.92227735710173,-1.07316600978743,-0.0532472661469493
"146","HU11","HU","Budapest",79.0472271569592,94.5640567707633,75.2616490854411,75.2331867330544,83.4058629942946,81.8992129772214,53.3388563406664,20.5299506091556,39.3054996176568,67.3769945208828,45.9244371738729,72.3354965265861,"2",4,18,46500,-0.557430779102987,-0.490764594534564,-0.409937055717126,1.26902211804823
"147","HU12","HU","Pest",76.3284487951939,85.0484807836787,75.1949821338992,83.4379119504984,79.7472672380313,76.1900023806843,48.8509692614799,29.4538595694099,42.3326453761089,64.6010155018604,37.2048789591804,35.9414287696643,"2",6,9,17900,-1.09834061041406,-0.939133908595493,-0.298492867742788,0.51939659122188
"148","HU21","HU","Közép-Dunántúl",71.8273576843789,92.1600301370055,79.651326773311,82.0754415561926,66.6985743068369,76.2422215771934,44.079643154507,36.6999403458609,45.0458034490518,68.1951077078533,41.966507127537,31.592144366682,"2",6,9,20200,-0.797699117288563,-1.30349639542923,0.193503718233024,-0.0948579907774885
"149","HU22","HU","Nyugat-Dunántúl",70.7715762145903,89.6848555436517,81.8904826331764,88.5805982073005,76.1890999163899,71.9136584012958,45.777502352284,36.7077906999582,44.7855854235462,66.5042376905801,38.8319197053746,32.8125089090371,"2",6,9,21100,-0.930473171426581,-1.3674907312122,0.066115533287067,0.139646084351715
"150","HU23","HU","Dél-Dunántúl",67.8330553268349,80.5722773330145,73.421330859029,81.3132532295959,61.955288800094,69.2639556143155,41.9190322176454,35.3132326738558,42.3515526038144,55.3224045261773,42.5084579860078,34.0834905445447,"2",6,9,15200,-0.895149330946441,-1.69334595957357,-0.62249991708951,-0.853919100771591
"151","HU31","HU","Észak-Magyarország",59.2979300412328,76.6994280501002,68.0209192827571,74.5114280605873,54.5956178111608,68.4284669457677,38.0776433772942,30.6028782818539,37.968385269073,51.9287377156431,37.3581412620528,29.5117224391908,"2",6,9,15100,-1.11524715204108,-2.41082417820452,-0.953956362644574,-1.3156174024836
"152","HU32","HU","Észak-Alföld",71.1844778070243,84.2728167462259,72.0442237059389,68.610774180818,62.5586854481329,69.3322327668681,39.4295413409856,33.4001096025081,41.181847227785,51.1724636716838,36.2319282542328,36.8854774814648,"2",6,9,14800,-1.10836052392697,-1.56557069809054,-0.993974685733343,-0.569893192480653
"153","HU33","HU","Dél-Alföld",71.803286829057,76.7485692116393,74.2043785849161,78.3411260868833,71.8162400598336,68.6511839199259,40.2140123427666,33.757040704509,43.5580079425816,59.4951492050959,40.0673275950921,37.9883968487921,"2",6,9,16600,-1.01633102502243,-1.51167024144327,-0.452428075828434,-0.273526056701443
"154","IE04","IE","Northern and Western",88.4601616645638,82.2404325638329,90.6403831158055,76.5377366521012,85.346755000479,73.4356187418078,73.9832497372245,76.0678611814602,53.4392370328366,70.9491399956631,74.5850001785151,61.7816367438571,"1",2,19,23700,0.597610721071993,0.687561772433702,0.720003531023812,-0.0816676895098367
"155","IE05","IE","Southern",88.568667499488,78.2690217234205,87.9343094172497,77.5322284130501,86.4486946224953,79.3818382382096,73.9927538705739,73.5470596241109,53.0883998933548,72.6285916772078,73.7026696043928,63.6315112333854,"1",2,19,77000,0.661911358717169,0.699690940482999,0.720500754772099,0.0948003970193532
"156","IE06","IE","Eastern and Midland",88.6401536274265,74.579099129317,86.9855206065774,68.601980587877,87.4649547850969,80.4837724001322,76.4008606270637,70.5226031627002,54.4985431196238,74.7444570788295,75.771761426468,67.2363468209117,"1",2,19,64800,0.759229276725168,0.774278807095059,0.813661024863767,0.157285357282156
"157","ITC1","IT","Piemonte",85.3538383227633,85.7249167291813,69.1943912535088,77.1853289119411,68.8219385915192,68.6981295993805,70.4572019452599,17.1551878004513,39.0341711745575,47.7600262566611,57.7944802675759,40.392900424196,"2",5,7,29800,-0.933548343937858,0.339438599135459,-1.23266391824541,-0.506396043601967
"158","ITC2","IT","Valle d'Aosta/Vallée d'Aoste",86.2174808616396,77.6059449294295,79.4609807071444,79.8190550349279,58.8720429584929,70.6981295993805,69.8655681670896,41.1324236331535,40.0884135373182,50.9582222764022,64.0342647508925,33.0512887073876,"2",5,7,36100,-0.553985411555881,0.357592569747462,-0.523018497329089,-1.58935237703194
"159","ITC3","IT","Liguria",85.7802402318035,70.3603911029506,73.8717920189282,75.3433862025058,67.5154420755404,69.1981295993805,71.9354781306716,35.9273135096466,38.418475123175,45.2585819383323,57.0696701251016,41.852340560072,"2",5,7,30100,-0.768178558441992,0.305170757779502,-1.17678224897428,-1.17635521671969
"160","ITC4","IT","Lombardia",88.6958858861707,92.6198889486012,74.6036523180547,74.9955235364557,65.8853480326774,71.1981295993805,75.012517481163,7.7564396430393,47.5627721159034,51.1051733608891,57.4754812925886,44.3175340397718,"2",5,7,37700,-0.751935342237188,0.744923108938237,-0.906618870345391,-0.23507964172046
"161","ITF1","IT","Abruzzo",83.3051420125623,75.8659812987275,61.7520379256049,69.4733162938782,69.6583164819267,66.7150283275023,71.0755920905963,44.0137602584025,31.1311328566908,37.963846754364,51.7677719923084,42.8589173712318,"2",9,20,24000,-1.04611047321673,0.0553818148909612,-2.07207230347716,-0.899692606483773
"162","ITF2","IT","Molise",86.5471290423989,89.1756977485249,74.0593970276589,70.346167806495,73.1583808969708,62.7150283275023,70.2510403694015,45.8055624086094,38.3997476900417,40.8312583442849,53.3794141663361,38.2429044829923,"2",9,20,20800,-0.921907288667986,0.326253560034431,-1.53225618714057,-0.66711684070902
"163","ITF3","IT","Campania",75.5798834461397,79.9904589892736,59.5275288618705,62.9813566515819,54.3527316007908,62.7150283275023,67.5674340004784,29.6959530178877,37.5034109732537,33.3072965475045,48.3565380506922,36.719953550718,"2",9,20,18300,-1.10265703632589,-0.533632586652892,-2.26848985091387,-1.47929783072777
"164","ITF4","IT","Puglia",81.8310530492125,87.3510021310546,68.8277594785426,67.9577451800307,55.8242506341429,62.2150283275023,70.6597145835057,39.6417882782568,32.8631397968084,33.5504558121705,48.637261343392,30.0095681836155,"2",9,20,18600,-1.23645833805482,-0.0285642788294159,-2.01817721286942,-1.58205317827264
"165","ITF5","IT","Basilicata",79.7096016012568,85.3301763559447,69.400349055192,69.1787398470418,72.6487946935506,62.4650283275023,68.7358403456142,46.8767858208608,29.4668586039335,36.8195828106744,51.585359662676,32.4673582626684,"2",9,20,21400,-1.12991020907376,-0.200586591042322,-1.90325078393231,-1.03008902049453
"166","ITF6","IT","Calabria",78.3073868368942,87.1655549560069,69.8200338732685,69.4123030837168,59.3825267832132,61.4650283275023,68.123078449093,44.7116205423826,26.7652300240075,31.2184885356471,48.9293370612117,31.6464432850854,"2",9,20,16700,-1.24674180351301,-0.327684040656653,-2.17278158267447,-1.68531092184787
"167","ITG1","IT","Sicilia",77.995675641959,70.9030292874532,66.7991403198479,74.0604535835522,51.8724235233334,62.2255641600539,69.4126896403473,45.3889898987234,38.1435128624629,29.3302873660639,52.0419927945469,30.1064532135257,"2",9,20,17500,-0.915139919286144,-0.357282334009812,-2.11911156226535,-2.26982323054303
"168","ITG2","IT","Sardegna",77.8306066645454,90.614709541913,66.0136846195493,76.9655045301444,55.7532733515999,68.4755641600539,69.6590185672811,55.4767916796932,33.6635106189125,33.7089026959913,58.915361108647,40.1694629046825,"2",9,20,20600,-0.510229876487139,-0.216764513624991,-2.03088504987406,-1.60694638009851
"169","ITH1","IT","Prov. Autonoma di Bolzano/Bozen",89.5114176218519,93.494457751757,78.7828674469953,76.9086442912971,62.4443742783663,69.0685029375112,75.6092346727064,43.6231224026107,43.3810810646743,58.0150487979103,63.2142510040036,37.4332550068893,"2",5,7,45300,-0.558388452583249,0.755020990110447,-0.303021095443598,-0.768964155817566
"170","ITH2","IT","Provincia Autonoma di Trento",88.2318345905486,94.3437248240332,73.6026581599246,78.7139537749865,77.1595466953185,72.3185029375112,76.274228895133,38.2130462841512,45.1286739578198,52.0402699499036,62.7072540950793,52.3660561695783,"2",5,7,37500,-0.313032184285357,0.744177055188446,-0.956961210365201,0.0963222176778427
"171","ITH3","IT","Veneto",89.0363137521435,91.4862509442472,77.1150639920392,74.2993205267321,70.341563370239,69.3185029375112,73.4395696475987,16.7675766701067,43.4906211867963,52.6030810554575,57.208975878559,41.0921334677937,"2",5,7,31600,-0.858239105646502,0.692105174360938,-0.772570943591958,-0.255781521237351
"172","ITH4","IT","Friuli-Venezia Giulia",87.3948897286904,87.0351542335608,77.1037148780096,74.7863662457475,74.163162268187,69.0685029375112,72.2345210444859,33.4844656665558,40.3280255919265,53.1175308316362,58.850341855969,47.7616764161034,"2",5,7,30800,-0.671906711069333,0.511869101134411,-0.784690500005092,-0.318669133684419
"173","ITH5","IT","Emilia-Romagna",89.1458154205153,93.6291444417308,75.8841745228379,70.6411430820303,72.7460658428104,69.5685029375112,73.3926723751064,26.6938752380485,47.2019320357428,53.7464668855309,59.6054335584473,50.3500996361651,"2",5,7,34500,-0.539276166691193,0.710141531128824,-0.774301301984445,0.00735679113972833
"174","ITI1","IT","Toscana",87.9249061182621,90.6975037191788,75.9387749998523,63.5793091861185,71.2148585892757,69.4458097524647,73.3216043549805,38.3947372410218,43.0549272965648,49.7525071313955,59.3539938591381,47.8703584937075,"2",5,7,29500,-0.531468628434591,0.589825951186014,-0.974642391885413,-0.384257711343671
"175","ITI2","IT","Umbria",88.3736053482823,92.1878613893717,66.7392181988746,63.0589871841462,74.0318498215225,68.4458097524647,74.3168699102353,43.7525467909295,38.7399085482682,45.3835085543196,57.0421407063686,46.1275597350748,"2",5,7,24700,-0.732155779038626,0.599429314182122,-1.54470355067262,-0.157713169028689
"176","ITI3","IT","Marche",87.113914338314,89.89044863561,66.1188528617184,65.1283471697928,76.4566954598461,68.4458097524647,73.3090958040268,42.3369998616822,37.5205319637147,45.1449287574602,58.2081110863713,43.6195342458337,"2",5,7,26600,-0.750811160555602,0.496057253474756,-1.55085271210808,-0.182415567000005
"177","ITI4","IT","Lazio",85.3887075062261,91.7753211621808,68.9700866997534,60.9911298515878,70.5670861335676,69.6958097524647,72.0003600366171,30.9852835813965,41.621304163913,43.1624734920218,56.1304448502775,53.1204053259731,"2",5,7,32700,-0.609199303983743,0.386496380089196,-1.61339252002596,-0.246036099918746
"178","LT01","LT","Sostinės regionas",71.5610972689211,90.4146635863178,73.665264845464,62.1916361567099,96.0258770482274,73.4410251298277,46.4164999415111,61.6469689647343,51.3368366056941,72.1115681129252,49.5228225504672,60.4134832377481,"2",8,13,38000,-0.0744533322140321,-1.25231798820713,0.00911181936399731,1.37994658002737
"179","LT02","LT","Vidurio ir vakarų Lietuvos regionas",66.8554262752576,87.9443563782317,74.9843741401233,76.1304722245167,91.5885331114692,65.3890706249902,40.4498436070606,66.2220856155184,46.5406564271544,59.6497619249642,45.640589861599,57.3915712012315,"2",8,13,21400,-0.294638720179948,-1.78278487348757,-0.619052675837158,0.623329255471934
"180","LU00","LU","Luxembourg",88.810484224211,94.4243542352963,82.4368840241776,71.6496519623981,69.5385163864158,84.945652173913,74.6587497314176,50.3642467882601,64.0678940928358,76.4163641698612,75.3152283687767,67.7280419117555,"1",7,11,78500,0.897643525041885,0.871225122305759,0.843323587632173,0.370830413704797
"181","LV00","LV","Latvija",62.6992186660552,87.7467267330645,69.2712648915512,76.0667363448961,85.6674634740887,74.2826086956522,42.2669957069602,65.3958690883805,41.1524943179045,57.2017719387032,49.2586932910156,55.384533488192,"2",8,13,21600,-0.100008224034391,-1.94648523994522,-0.867354026857107,0.316890791702715
"182","MT00","MT","Malta",82.8792392872019,94.083673333578,89.9139317810584,81.3430777343761,43.8415727373257,74.1413043478261,74.4458259329834,44.9363089305735,49.0082819048747,76.5157328241664,59.6010797847209,49.8543461903513,"2",5,21,29300,-0.210336402447818,0.269923471694041,1.01109963199222,-1.17455158155743
"183","NL11","NL","Groningen",86.9739030914468,98.2597980972471,92.2868397924527,70.2804627363458,84.4881566518415,88.0376596533833,72.6078421247933,60.2978269206136,57.4093407574779,74.720288147192,81.5926027572198,94.6750367404713,"1",7,11,33700,1.46027511513876,0.80565871854047,0.790208795427025,0.801555864321731
"184","NL12","NL","Friesland",87.6634050625551,98.2597980972471,92.2868397924527,70.2804627363458,83.2180008470699,88.0376596533833,73.6603306023422,60.7895681061581,59.6820680302052,75.1241640352907,80.798951963569,73.9975650896027,"1",7,11,27900,1.27074959733501,0.868042240273126,0.970149569426548,0.590954750574521
"185","NL13","NL","Drenthe",86.7638556084902,98.2597980972471,92.2868397924527,70.2804627363458,82.2368969619002,88.7876596533833,72.4191941102077,58.1619258265744,59.4295427776799,76.2972030019703,79.7455609101779,67.3030066866454,"1",7,11,26800,1.17096989828127,0.776032817008044,1.07641016445523,0.534190993819701
"186","NL21","NL","Overijssel",88.8605893323886,97.5244481590081,92.8769383619719,70.4765704579196,83.6302042450617,90.3252631192066,74.4611487387544,52.8960099026221,59.3835654765065,78.2925524174483,82.5276864582102,79.5067223585947,"1",7,11,33400,1.31375031264809,1.00027573729441,1.13080278888928,0.752230803968171
"187","NL22","NL","Gelderland",87.5432935298332,97.5244481590081,92.8769383619719,70.4765704579196,81.726395938488,91.0752631192066,75.3314311977449,50.5827144363998,61.5661051590461,79.0756029341791,82.1380760685998,83.9611686138868,"1",7,11,33600,1.41581405353665,0.943205832587705,1.15591727954143,0.772094111369517
"188","NL23","NL","Flevoland",89.16411796345,97.5244481590081,92.8769383619719,70.4765704579196,81.8685849496185,89.0752631192066,77.3305866281737,53.9637442266645,63.9470575399985,79.0224343974182,81.9216258521496,76.768648195019,"1",7,11,29300,1.34670264765589,1.07993191288612,1.20993072783088,0.719092608424663
"189","NL31","NL","Utrecht",89.0144202038665,97.3289813261829,90.8990178730539,68.7165556751482,85.2446564676132,92.940986159339,77.6762367962865,52.110525585892,65.77706824759,81.4846424230198,80.1015326238688,97.8161275263791,"1",7,11,50000,1.60152988643221,1.08762771874223,1.10653981438086,1.30209926359872
"190","NL32","NL","Noord-Holland",88.7105608664491,96.6134531253738,90.8990178730539,68.7165556751482,82.2628820998733,91.690986159339,76.7361624565506,53.7397535424631,63.5389730094948,81.045276320181,80.6065831289193,93.2694482462223,"1",7,11,50500,1.50643653691027,1.02824500856434,1.12899407064888,1.03546638536911
"191","NL33","NL","Zuid-Holland",89.6147283763997,97.3289813261829,90.8990178730539,68.7165556751482,81.395651780666,90.940986159339,76.7810466470846,49.7767134307736,61.1580206285424,80.2719572221469,79.5964821188183,90.0713672763573,"1",7,11,38200,1.33109928502764,1.08366523538761,1.08017325624724,0.980965036373711
"192","NL34","NL","Zeeland",87.5648418276614,97.3289813261829,90.8990178730539,68.7165556751482,76.4005310952994,89.940986159339,75.9702774939016,49.5344849185522,59.386824345151,82.5861870436513,78.1967707191069,65.8814163877931,"1",7,11,31900,0.996901933178222,0.899712390626887,1.37569479804644,0.525452827921866
"193","NL41","NL","Noord-Brabant",88.9835971222759,98.4792198553095,93.0287540444607,70.4328546456703,81.7408171711393,90.0165921193584,75.4489576053549,47.3727463790879,59.6098437879103,78.9648148931786,80.1186859231444,81.5071875590993,"1",7,11,40400,1.21763730500581,1.02499436705055,1.12637185063017,0.807872517731281
"194","NL42","NL","Limburg",86.9741224781559,97.7707876592279,93.0287540444607,70.4328546456703,77.7487380700393,89.2665921193584,74.5098142237027,47.6974751295118,60.8383138993592,77.9479608305333,79.9310957355542,74.3917397801975,"1",7,11,34700,1.19487236962572,0.861482831133041,1.15791125626331,0.504849962739884
"195","PL21","PL","Małopolskie",78.9945222034196,89.3186857110176,65.7930695267448,81.0006892097206,91.9086770991018,64.495121217857,58.3130115464903,20.2088705322736,50.2433384651339,68.81176066126,52.8300193884635,58.1856076954532,"2",4,18,20800,-0.745691524261119,-0.434804195627218,-0.401700244423802,1.4159736924118
"196","PL22","PL","Śląskie",71.1999738423799,92.3638696959256,66.4713340234803,78.2030580069648,89.2904112653237,64.495121217857,53.0839130666237,14.9033135300355,55.6155289648063,67.6117928386685,55.3679039035987,42.3637154845956,"2",4,18,22700,-0.600664616217981,-1.01148849877477,-0.241262089231751,1.09504136476034
"197","PL41","PL","Wielkopolskie",75.0054401264905,88.2999091877022,66.0315377285754,75.9366697311408,90.9138024311662,64.9473903483336,54.1144482698699,37.0755427252159,45.8135263584563,65.8390192871584,49.5105675350559,43.3505509347473,"2",6,17,25000,-0.851932912872134,-0.86246702652979,-0.482146391445255,0.98171587121544
"198","PL42","PL","Zachodniopomorskie",72.2662239981105,90.5766602619055,62.3974404511419,74.9480256756029,77.4385920179491,64.9473903483336,52.3406403196387,53.7087252834965,44.13972439972,62.8956188562832,50.1093688721513,38.8289269166638,"2",6,17,19100,-0.742497783565,-1.12642429940683,-0.63903734911583,0.29192960940359
"199","PL43","PL","Lubuskie",71.659531698628,89.00995327191,65.9425693422162,76.1011941556162,80.4849541785535,64.9473903483336,49.7156732153431,44.5643331764434,44.7553384042573,62.7079786112729,51.7193215715069,29.822791109338,"2",6,17,18600,-0.815437919660291,-1.19196933930008,-0.457761832922713,0.209256493557429
"200","PL51","PL","Dolnośląskie",72.4421375536072,93.3843962480361,64.4545140694349,80.5861062423691,84.9839022462877,66.9431403924439,53.6999350390674,34.506474780616,37.0688826822181,67.0400094958918,50.984857529807,52.2593201203654,"2",6,17,25300,-0.873445441655121,-1.01159918897213,-0.565451269758507,0.8568097117124
"201","PL52","PL","Opolskie",76.805771927993,92.9256295571019,67.678063171261,81.6795800071422,83.1618701190779,66.9431403924439,53.026183867399,30.2789585393486,34.3283740772636,66.7406788947067,51.3407515446294,36.783006319209,"2",6,17,17900,-1.17340448270909,-0.738409604160406,-0.376263828619669,0.571870027594672
"202","PL61","PL","Kujawsko-pomorskie",74.0280029762813,88.4438652496622,63.7707921045969,76.9810648312035,82.8709590183909,66.8414970283257,50.9732019404465,42.9710302547647,37.2812156081094,60.6755900658784,45.8778432492373,39.8622254380131,"2",6,17,18600,-1.05910207820906,-1.05174709854157,-0.842188654514861,0.497352711887353
"203","PL62","PL","Warmińsko-mazurskie",72.8360125811605,89.8155363696112,66.1686676915013,78.6135191940056,76.7318286383405,66.8414970283257,51.9647074223565,51.1986289362382,45.1351667797331,58.9702096837234,45.6794291544026,33.2507420103908,"2",6,17,16000,-0.82668995907799,-1.10416682555602,-0.735491481899069,0.152131049053816
"204","PL63","PL","Pomorskie",75.9950986753327,90.5088150038824,67.5083032465074,77.6715728417796,85.5876247657657,66.8414970283257,56.745312661969,55.7554838404323,44.9519241374606,62.3180803409478,47.5796540629919,54.3091441871545,"2",6,17,21700,-0.594835430840294,-0.764836539051862,-0.719754960846982,0.772948705483631
"205","PL71","PL","Łódzkie",69.7902736158688,89.0601279589511,64.1963784582739,75.190546655599,88.4672177800555,61.1790506365256,48.525175025037,28.1400622982403,46.6681751183237,58.287933511571,44.8366075706403,43.7995638666969,"2",6,17,22100,-0.978709585771153,-1.36182805087002,-0.963190828524483,0.823191368683513
"206","PL72","PL","Świętokrzyskie",74.4346688692083,85.5255710110565,64.0080615802765,77.1255091958509,87.7370409624497,61.1790506365256,50.8737724863911,33.1396555048532,37.0249101987452,58.0435865994358,43.3563097385556,37.5830629862503,"2",6,17,16500,-1.35699325119686,-1.05965589634967,-1.01331114046206,0.583002761471176
"207","PL81","PL","Lubelskie",71.0609725637646,90.0047561005491,62.6199723227566,74.6848108675104,89.9227612303472,61.4382090337636,52.5353678997717,39.3221995007962,48.0811540017204,63.5162090231054,44.8274026787552,47.1701514867436,"2",6,17,15600,-0.883667925005895,-1.21000008614566,-0.771235252756827,1.07190342557896
"208","PL82","PL","Podkarpackie",75.3434775780383,87.785514906804,65.2810972292421,75.7742751539428,89.6446799352947,61.4382090337636,56.5391278393137,35.6669860030836,51.3474642701898,60.010725795268,43.7381121324363,36.7383650231417,"2",6,17,15800,-1.00512491341798,-0.828176596454455,-0.802432252612594,0.899433129496912
"209","PL84","PL","Podlaskie",77.1567675846113,94.2596241906616,69.5824742067122,76.0699742736196,81.9061965032427,61.4382090337636,54.5176445879693,50.3214294221959,49.6631659556614,65.7054613338418,44.7918270565801,44.4451591360137,"2",6,17,16800,-0.852497232992602,-0.772374669717713,-0.400282681562418,0.749757648739085
"210","PL91","PL","Warszawski stołeczny",76.7621161948247,94.4260708764555,69.3752296942832,77.9413824154418,98.2812678063297,68.2378397856034,56.7084290044994,29.3756266043696,48.431099116158,74.8218663302128,54.8382105907693,74.6381861238872,"2",4,18,50200,-0.375127444388584,-0.57561880705933,-0.12926681107338,1.90957351181187
"211","PL92","PL","Mazowiecki regionalny",72.5343031665141,89.4579137093565,66.7877367875459,78.9946418045387,86.8573970699484,68.2378397856034,49.3642223529209,40.3638639560769,48.431099116158,67.6059832564,52.2696680222268,27.5962837348173,"2",6,17,19600,-0.736658211186494,-1.10603064773953,-0.155610123082849,0.665737192428637
"212","PT11","PT","Norte",86.5497628831012,87.0242452097561,75.4544426669193,74.2430161077695,60.602561166278,66.254579488154,64.8575110043642,55.387609796567,46.7935775113135,64.2485740883842,68.1535176094423,44.1291002759686,"2",5,21,19900,-0.273120436623887,0.244820047983684,0.0653592915408632,-0.861696474958344
"213","PT15","PT","Algarve",81.745100324125,93.6428273449815,74.7943159736004,74.5275887275308,57.5659354504525,63.7204265523025,57.9066399253046,50.0173458044841,42.4156620278394,57.5707785705058,69.0046569637338,39.3678082362049,"2",5,21,22900,-0.367644870147119,-0.200330904468716,-0.281836810176037,-1.15517001662729
"214","PT16","PT","Centro",84.9354447600641,80.2069363114652,80.3069935433226,84.4363264606578,62.9325850324403,63.0220189215244,60.3515850683971,53.4700965309686,44.9346143554588,62.7618048952003,67.5135463094572,50.28022565531,"2",5,21,20400,-0.298358869343771,-0.00570927471019581,0.0967841343989369,-1.07492099412405
"215","PT17","PT","Área Metr. de Lisboa",84.1159280437302,87.5908627504643,78.3998710409712,71.3254457217487,76.3901388716417,78.5168496558622,65.5429571636017,42.3455399198429,48.2518267770509,64.6875327394408,71.7008757772842,66.2147533675226,"1",2,2,29400,0.324539878288822,0.266319414125104,-0.0185923240552949,0.0828090555967384
"216","PT18","PT","Alentejo",82.4963883652952,82.8396672560824,82.0189689022429,71.5256924846551,57.2166752748015,58.4204850949797,55.375884089191,50.0999377318163,47.8692029513564,60.0674723305954,62.8178941815405,38.2972733805108,"2",5,21,20900,-0.53319438941568,-0.325448481365835,0.0906512288430491,-1.40144900129222
"219","RO11","RO","Nord-Vest",63.3326635011196,60.1214977125707,73.5988086427492,71.2656909606272,53.4995817771698,57.9752736320887,44.0822478894119,41.9531425252663,28.3329861485635,64.9292466096265,39.4244910353221,27.3129759124398,"2",3,5,20500,-1.61339642427328,-2.17521510634442,-0.0850321502406984,-1.94735831212524
"220","RO12","RO","Centru",66.4723141291787,62.6885853126668,67.727623286138,72.3667048176376,49.8613939711491,54.6475968666909,47.6983877738255,41.3453590012275,28.4752083727897,57.0288740009003,37.3833138397362,23.0839310096636,"2",3,5,20700,-1.82596380532357,-1.90707320148132,-0.679293378066935,-2.05145489020567
"221","RO21","RO","Nord-Est",57.6011042978312,47.307143359743,68.5254036920771,68.7061681280489,43.0140006157212,43.2567026808289,41.7269027397735,44.7798491952099,26.9661631218433,59.2462275270682,34.006930674305,18.0131268684424,"2",3,5,14300,-2.12164588399865,-2.80767040207129,-0.433132838867629,-2.96722669156841
"222","RO22","RO","Sud-Est",50.6294991907134,53.253220962807,68.0519761002965,65.8188810001417,42.6499315988261,47.4452717537624,39.6831892365126,41.4277193658731,24.5582945994547,53.0286478539651,30.7273105897402,20.1184893189563,"2",3,5,17100,-2.00297130902355,-3.264288364622,-0.867441910611601,-2.96525582608129
"223","RO31","RO","Sud - Muntenia",57.3236327683694,32.9497227332632,70.8204137124364,71.9280411343646,49.7940305466815,47.2994974608468,42.0815293360109,36.539081461174,29.8542891590148,56.8775133309717,34.8037030196083,13.8751434033543,"2",3,5,16400,-2.02994356238847,-2.80984666548491,-0.405624763764273,-3.07933256129749
"224","RO32","RO","Bucureşti - Ilfov",66.8314480283808,62.005579352297,72.1246588395148,66.0254158914089,83.549802638411,64.4592811021805,51.516171744986,23.8166866760003,23.7591850787132,63.3521994016537,43.6454526661336,49.1143907151823,"2",4,6,50100,-1.43456865748817,-1.61048437547783,-0.558189432981742,-0.373434269541381
"225","RO41","RO","Sud-Vest Oltenia",60.3282229067079,44.8130348489909,71.0517501425312,68.4125092855984,55.9079066333031,52.5763905511423,43.8200413584839,35.4422933985472,27.2698759282167,59.1081842603291,36.6124143849101,21.745857470518,"2",3,5,16800,-1.89616371649437,-2.47331539832723,-0.422749767358402,-2.37539880281559
"226","RO42","RO","Vest",66.0765510318219,65.1864907614308,71.7214578518588,72.3708235797599,60.8397802817014,56.6193974557924,44.4495045273436,40.0965727590179,27.4126878253564,60.1740092789866,39.2769033811127,25.2321012730482,"2",3,5,21900,-1.72356327377418,-1.95790326942365,-0.449186026598388,-1.5703149578907
"227","SE11","SE","Stockholm",92.3211846490872,98.4593437202913,88.5905139449258,59.4096047368969,86.8096751165986,91.3709218417963,79.7731087302257,75.2499004381838,66.2521388182918,77.0905506422102,81.5161872562738,90.1916240939432,"1",7,12,51100,1.68583835093087,1.31546304672907,0.870250552067749,1.16160845187873
"228","SE12","SE","Östra Mellansverige",89.7580643587121,98.4439113441154,90.6290376574206,64.4703330259471,86.7490142926973,91.8709218417963,75.4635367716839,77.9882625255761,65.3767216718888,75.5324511779096,81.1355626797421,94.3542585025453,"1",7,12,31300,1.80215375747729,1.04426776494119,0.827668563589868,1.07142744015519
"229","SE21","SE","Småland med öarna",91.3109266400001,98.7596951067678,93.2839371298451,74.0648579855456,86.9779502403143,93.5065160397439,75.8918088230534,75.6322251997928,64.1576957440294,77.9221613883414,81.7244359997309,85.1109789326529,"1",7,12,31100,1.68824556567788,1.17384171260312,1.09265560667093,1.00137661206018
"230","SE22","SE","Sydsverige",88.9656427250003,98.7596951067678,88.8776554141611,68.5812311356228,87.9114024814354,91.0065160397439,75.9920082244417,68.8902587594862,63.7678551781933,76.9647024596771,81.1993300548654,92.0733445240507,"1",7,12,32100,1.63941033473415,1.01544876603007,0.842518589443553,1.17778581053899
"231","SE23","SE","Västsverige",90.5341903592827,98.7596951067678,89.999480912987,71.7089379545158,87.1799453694976,93.5065160397439,76.7522036992588,72.5427021980377,64.8930398845918,78.2068459018114,81.7996862020776,89.38517248104,"1",7,12,35000,1.71400392249709,1.14620887320265,0.981047906972616,1.15597529786796
"232","SE31","SE","Norra Mellansverige",87.2622441609451,99.3175442708594,92.5022279583851,77.8760329168989,86.3021594212707,89.7535913545704,73.5251685607537,80.1644017781008,63.8201100587225,74.4565027332413,82.3503554413461,84.5256294702873,"1",7,12,29500,1.73229679513265,0.836370730326678,0.904684101745779,0.77246503670614
"233","SE32","SE","Mellersta Norrland",91.8091447676982,99.3175442708594,92.9839363551152,78.837474085234,87.0342532518621,92.5035913545704,72.8397608752774,83.7975770661455,66.1816992587563,74.9641944082168,81.3525444184814,81.4496886100722,"1",7,12,30900,1.74461308273686,1.11362880245381,0.980192200338008,0.922255373972508
"234","SE33","SE","Övre Norrland",88.8910112442463,99.3175442708594,93.7463496612371,79.7047873015322,90.73808361911,93.5035913545704,73.2506745458886,84.7935772534638,65.1794397869392,76.3930697253255,82.9961346619003,96.594177857384,"1",7,12,35600,1.99735767986076,0.957208105767013,0.958848082157298,1.15174740469073
"235","SI03","SI","Vzhodna Slovenija",81.3878438136359,87.3672532936433,79.4804239430495,81.6907443618269,82.017027416763,72.465315098478,62.9368978647187,36.0745144114426,48.0765712147716,72.0143208974861,61.438270545212,50.8472280443018,"1",1,8,22100,-0.300129711924317,-0.0855783169191251,0.35947105038238,0.416538923037378
"236","SI04","SI","Zahodna Slovenija",85.3065111742382,81.037962675929,81.1020053638564,72.7669383948008,93.6111045530225,79.1584943059602,69.7215212853504,32.8015975980565,46.7706858545552,74.5418833210285,64.8844922350654,77.2410468096784,"1",2,2,31900,0.0760475503462966,0.393567970929206,0.321258253410141,1.09058510610559
"237","SK01","SK","Bratislavský kraj",80.4008116965362,93.332404595151,80.8990572018458,76.1645801613039,92.0551782609822,75.8727434706247,65.3074995667025,34.8627865048049,43.3317403403783,71.048691860187,49.8074345645798,66.4302641915556,"1",1,8,49500,-0.450786039227105,-0.120604369301448,-0.0323711590139572,1.27513055604652
"238","SK02","SK","Západné Slovensko",75.1141349010937,89.443623347677,79.8389155672056,77.6785135071143,89.0130678924501,68.0298670496137,57.3688629924764,35.9772285900153,38.055082950361,61.248122851806,42.7145542747864,30.5001207599369,"2",6,9,19900,-1.15594916934278,-0.774078660884152,-0.385893268333105,0.388351547890092
"239","SK03","SK","Stredné Slovensko",69.9886807451834,90.2416252537634,78.3053791218553,70.0426498119431,78.6531498176787,67.0272708600681,56.098288953845,33.6823247367049,35.9933202167846,56.6030172878036,46.4886399486793,30.6130013501483,"2",6,9,17100,-1.033757139364,-1.11045067539154,-0.594120911968615,-0.280266772141622
"240","SK04","SK","Východné Slovensko",64.6697930757065,90.1641273654332,74.7005912254204,73.7503410826643,65.5602593167857,68.6023228024956,56.5736174717843,33.4494032866563,40.9711106602228,49.5850755821319,43.2852359441303,29.7489468311469,"2",6,9,15400,-0.860856772377388,-1.45852206378766,-1.00182614198734,-0.83598442490246